alpha,beta,model
0.172926725167315,0.769731783605413,m1
3.80077318697795,0.670027086420567,m1
1.85224596863333,0.00771030439285096,m1
3.27492904952355,0.666044625464012,m1
2.64593724549701,0.739383467484615,m1
0.950019970860332,0.503405386916944,m1
3.8848206350226,0.851276890423498,m1
0.391997410373762,0.948777204392711,m1
0.487634669569787,0.789284796893946,m1
1.55684849206591,0.10640062323655,m1
1.6415637470223,0.0514189302071463,m1
3.02507041466981,0.278955459991703,m1
3.385514178921,0.733858436597278,m1
0.321514911165927,0.0698033414493548,m1
0.166970062369015,0.7068106078282,m1
2.57570706853736,0.486650412683375,m1
0.64424329757411,0.754222006528755,m1
2.72483165791864,0.202301728650928,m1
1.99869487280445,0.0106776900662808,m1
1.37635648430837,0.471176231047953,m1
3.63854772322252,0.239006519638002,m1
2.53036133501353,0.716064774745144,m1
2.06022681342764,0.640624864034122,m1
0.18635815023724,0.370626502501429,m1
1.14457217346318,0.420112980431877,m1
3.27714652284933,0.836172246031696,m1
3.11068077276787,0.561485545983771,m1
2.14489838279691,0.0637377102581086,m1
0.284378286470659,0.560898226066027,m1
2.81899945917958,0.350562782429857,m1
2.18363814226957,0.019986133649596,m1
0.00190358056081459,0.516935274599586,m1
2.28161008586874,0.404234935596818,m1
2.04666370432731,0.0390926632309565,m1
3.78239603162324,0.111408133546589,m1
1.08523116363678,0.140067019401235,m1
0.300685472745914,0.795140905563836,m1
0.872841174905188,0.387242932716967,m1
3.3628801317336,0.225982291999622,m1
3.17183998764353,0.890707118694903,m1
3.43065474971058,0.0062876334649045,m1
3.70612550441688,0.944476672432153,m1
3.94734675784875,0.280248192019644,m1
2.05129310984164,0.109821896159207,m1
0.863412321152165,0.145855134552345,m1
3.04041463289084,0.530749443010078,m1
2.48745437925914,0.0323038517432287,m1
1.70987821036438,0.058724286810495,m1
1.06784841373283,0.268047261129715,m1
1.24334703278728,0.26760489194782,m1
0.81133023301838,0.695672199578374,m1
0.7487477159868,0.327570571648423,m1
2.8859444513144,0.459500392307527,m1
0.277013559569605,0.303164050866617,m1
3.64754779506614,0.247290436523617,m1
3.15709627575288,0.573097322201007,m1
1.86446749339486,0.67503316067101,m1
0.709314207680523,0.663808294238872,m1
0.768389231258072,0.490656952475198,m1
3.04964961331664,0.410341058579506,m1
1.93002902450925,0.572303190958337,m1
0.975813843066338,0.641199064150802,m1
0.49547548968764,0.739802931475104,m1
0.687020634038374,0.52919700777228,m1
1.15901507814229,0.510051089905086,m1
1.9109614252504,0.8096846028812,m1
0.480700472164433,0.592106584346504,m1
1.33294071569527,0.383693487423472,m1
1.58655604672665,0.496097648180556,m1
1.49307029868755,0.703437512036646,m1
0.0269797340468504,0.807940536040696,m1
0.746555988843087,0.644616720829392,m1
0.634939389681444,0.680216699386365,m1
2.11853925648332,0.120074679483077,m1
0.770969008591492,0.12156326108065,m1
1.98331107670069,0.895017204073141,m1
0.127262229215819,0.99237241825636,m1
0.219913743744139,0.366303573249723,m1
1.14275205854094,0.579553529304802,m1
0.260002149717882,0.765866608294542,m1
2.39313136222772,0.457651368836174,m1
3.57387800336629,0.674896000833134,m1
2.08196363129187,0.753939753543702,m1
1.21250638342323,0.604420442808187,m1
1.93758866550587,0.906875765402918,m1
2.52116890694387,0.660718376621488,m1
1.33817334874533,0.454523876609979,m1
3.99019495190913,0.350123639689758,m1
3.86217684010323,0.284650669178809,m1
3.07212029444566,0.713662460500956,m1
1.86959543114901,0.912772327866289,m1
3.15887273645727,0.17799699273461,m1
3.74001479739556,0.492997206617729,m1
2.54096036089351,0.286967687051394,m1
3.52881551008718,0.272110859697452,m1
3.40359432864469,0.394941249712138,m1
0.0737752637327649,0.862639790276066,m1
1.20022445142036,0.831323627931531,m1
3.10202101247339,0.942974134399323,m1
2.31473146188119,0.0268370000489522,m1
0.963700067606289,0.779961377072148,m1
2.16446309444262,0.00184157667728141,m1
3.5984349868875,0.0264858360207872,m1
2.6140638444759,0.237895200133673,m1
0.212507541379891,0.976060788518167,m1
0.663320401793811,0.427835852376884,m1
1.44102024907572,0.370273429240915,m1
3.56743753860891,0.828219895112445,m1
0.555326625262387,0.020718655239325,m1
2.9892404473885,0.646129725586856,m1
1.31321326311585,0.00302693348866887,m1
0.224138103249483,0.349484486503527,m1
3.47182988193072,0.378191566669382,m1
1.41843401312921,0.729575470386539,m1
1.28281064613443,0.594455226514838,m1
0.266527997757774,0.144213342354866,m1
3.68711492558802,0.101059322667075,m1
2.1099633866041,0.228929554172908,m1
2.34496066371445,0.594730849266052,m1
1.51628850473743,0.321207272205036,m1
3.95748550874647,0.424139518162003,m1
3.52385412236955,0.829847213012166,m1
0.903734707798343,0.0382966761772986,m1
1.38116453116853,0.581352264498244,m1
0.416577456655912,0.277198960850248,m1
0.855439057558775,0.805166436955682,m1
1.11976217165077,0.95024312464986,m1
3.43289832425909,0.677925595343229,m1
3.71123131356994,0.542958232849021,m1
2.92888686988223,0.615024987196899,m1
2.86960249290336,0.69177046707517,m1
1.46352701809537,0.504815730055328,m1
3.12065659675561,0.7809534468723,m1
3.55698680133466,0.725122687555617,m1
2.9851631574044,0.217383855201886,m1
3.94181122226035,0.52159307971294,m1
2.93044305285951,0.850199837493827,m1
3.98929996736953,0.685190032887622,m1
0.428153740381356,0.918866798258154,m1
0.523117787139025,0.610950656034518,m1
1.79061912423279,0.14168169639376,m1
0.608848869706504,0.880757207914954,m1
3.13565924661513,0.935350391565822,m1
2.67754212361528,0.379095057399012,m1
3.6647123435433,0.279130361008109,m1
2.87540323832864,0.496769550048513,m1
1.2581979637132,0.13408304502524,m1
0.198733641400002,0.504395375591819,m1
2.29687248396641,0.364487686610199,m1
2.93428762158845,0.365149123606854,m1
1.00182487822091,0.85616299797839,m1
3.67133087238669,0.630657475309563,m1
0.988951723216101,0.785630234985496,m1
2.24368719974626,0.493270793271018,m1
2.81072861914057,0.857143020528601,m1
2.39971585458983,0.159833687704639,m1
1.7946140029598,0.978148289833684,m1
0.425978938300163,0.697706534482655,m1
1.22962309470866,0.4642924989186,m1
2.89301834032964,0.131663438808988,m1
1.42275058114249,0.527919006357901,m1
1.52989128268464,0.129215499968035,m1
2.76006091033341,0.587703786207945,m1
0.177532983549871,0.628558582580299,m1
2.37965793003049,0.207676210284582,m1
2.13319538134709,0.848209777952055,m1
1.27530928500276,0.263973433432635,m1
1.51206111911824,0.282730353997904,m1
1.50214094519056,0.809319924464449,m1
2.73756787594734,0.969242323474144,m1
1.82986133674579,0.906497199105914,m1
0.733625097411685,0.252411359110381,m1
3.91443541716784,0.29614668120991,m1
0.690256514990237,0.536133235154673,m1
3.32927903509187,0.673301123669837,m1
2.7883030249537,0.624127062211512,m1
2.60356053173682,0.710830612256075,m1
2.83083937816601,0.585124357546563,m1
0.120543045516592,0.545666456695413,m1
1.58267581564654,0.654207289989688,m1
3.12729120349977,0.960282526302617,m1
2.86191110450728,0.149308186186128,m1
2.46507221518271,0.131365225029178,m1
2.66865103851352,0.687741475796909,m1
1.78746165953716,0.388921400376246,m1
2.84968035436282,0.9049354231623,m1
3.07076823280146,0.657258013407467,m1
1.55977974332031,0.372054804387037,m1
0.922079559135716,0.459358083739993,m1
1.36840869356319,0.875610832033795,m1
2.26537351968978,0.777045317814569,m1
2.23549379872764,0.170032575683552,m1
3.82741852528695,0.944958269563504,m1
3.45240805324027,0.636227905752719,m1
3.90783000584645,0.536547320300597,m1
3.72568120846758,0.797928050209302,m1
2.3612521688831,0.0650964087519096,m1
0.814276463007554,0.589926951431204,m1
2.07226425996888,0.0766835864429595,m1
2.4715934179686,0.86925294953608,m1
1.34542749831453,0.407317924936535,m1
3.75802198507823,0.41509027329681,m1
1.03454013667256,0.678934438721743,m1
0.564944450723939,0.223006464121398,m1
3.5871314960951,0.156345853279461,m1
1.81896998837311,0.43781533053366,m1
2.29949973062519,0.595941043274477,m1
0.793868687896989,0.259687452057842,m1
3.38775345591595,0.0291210651150905,m1
3.11854415799305,0.464793411405291,m1
1.61126297929697,0.56367803636007,m1
1.85747342515085,0.285008633680292,m1
1.65827217045473,0.021186817443464,m1
1.01981242840784,0.135802945245639,m1
1.93351018909272,0.837688632759615,m1
3.33712052481715,0.424928236293606,m1
0.112601539690979,0.998745329465601,m1
0.115988479235675,0.287867444103002,m1
0.441398100484628,0.462493895908352,m1
1.1840408042362,0.470206060422584,m1
1.602066031205,0.0567396689082962,m1
2.90578006279562,0.0901218830015278,m1
3.21267154418677,0.718666191158583,m1
1.72880987253133,0.324383243868244,m1
0.561241335999686,0.158607786495821,m1
3.90371517885989,0.265855151836295,m1
2.76226288243337,0.915576441748417,m1
2.57847857339587,0.425954415978049,m1
1.78945271276403,0.852463739091763,m1
0.0036246003638953,0.251162331809988,m1
1.86365988798626,0.540001786416513,m1
2.41108106882405,0.249231106355786,m1
0.286265357444063,0.949529898778303,m1
1.95394525846979,0.648957883712719,m1
1.62200070125237,0.568001765149063,m1
0.616781824221835,0.836738198081846,m1
1.36506903162925,0.416382220908767,m1
2.44668433234422,0.233501758074039,m1
0.245444589456543,0.419725332096801,m1
2.86547063760506,0.367934375985409,m1
2.46201189520629,0.330434715008363,m1
1.68764768920885,0.203000673265895,m1
0.711606758294627,0.870447086570086,m1
2.47656447125878,0.700216164312093,m1
3.10563756727893,0.248969719441026,m1
0.0518027175799943,0.460850473092287,m1
1.3414092789595,0.675579695759458,m1
2.57633912148373,0.622677659836947,m1
3.69383567720326,0.777551434650086,m1
1.12483701271843,0.893966632344876,m1
2.00971890738001,0.391105155584053,m1
1.30788882158976,0.914001036676229,m1
0.678555457535665,0.520863018673379,m1
2.92732813003194,0.393999210884096,m1
1.67855282565439,0.346035360955982,m1
2.62043853458483,0.349991780718206,m1
0.254048820208292,0.576226679330226,m1
0.755516315106302,0.338366694686585,m1
2.51526931436127,0.790550983092398,m1
3.31678743076278,0.402803384450381,m1
0.534182792217936,0.113955189658329,m1
3.19906626543123,0.929882992043393,m1
2.25030798454909,0.578084035124164,m1
3.87067345690215,0.303947880156338,m1
0.00719464942067862,0.910809551099432,m1
1.81136847655475,0.341837406344013,m1
3.0600147556928,0.800563867267221,m1
1.36117342690844,0.345251722058747,m1
1.35401085681142,0.318776161021204,m1
1.35355234685307,0.124924194176449,m1
1.26887380025629,0.136561167796724,m1
2.31312999910908,0.0528017737824703,m1
0.611171434894204,0.876941738777095,m1
0.204790790472645,0.0831204725942807,m1
3.22129874314321,0.49475844978739,m1
1.44571236052457,0.364726150424569,m1
1.90321184094716,0.408453628202318,m1
1.05838162932312,0.130262797526899,m1
1.38378856424754,0.0163578731274465,m1
3.24214087539958,0.895864614273189,m1
1.94993627593433,0.200996857636375,m1
1.48665565735381,0.195653348416905,m1
2.32421382351592,0.219763582524611,m1
3.16574572115066,0.328936346874572,m1
3.56398862264398,0.56577888159058,m1
2.96963559109205,0.358518086260301,m1
2.27011832254287,0.498254891443183,m1
2.6092718407223,0.43410733996518,m1
3.64878586539393,0.748214984797989,m1
1.832003277204,0.476572161700227,m1
0.313800187456422,0.937910659200163,m1
0.0166731565184891,0.964258554567932,m1
3.69050288414163,0.814182322843117,m1
2.9452013883912,0.747578124216408,m1
1.2863623480075,0.380844398389105,m1
3.3599648659192,0.241327528785449,m1
1.46753751263954,0.735622353823041,m1
1.00721065709647,0.100788350772578,m1
3.75768194914376,0.500329471818521,m1
1.97570218500821,0.615781898877467,m1
1.72167727986863,0.336280330505339,m1
1.52526196959522,0.90985768982931,m1
2.80452532202797,0.607989176288014,m1
3.10040577187436,0.371647119767033,m1
2.81715771704819,0.429500824862625,m1
3.43769154656492,0.126771115798969,m1
1.67441185389971,0.455604354457697,m1
2.25573782591196,0.392144451714703,m1
1.42793178985221,0.655756239812472,m1
2.20609574252367,0.259322259436245,m1
3.57931979202619,0.126242558782804,m1
2.43456168466108,0.894268643493415,m1
2.1342187784831,0.0438037121237721,m1
1.01698542250786,0.057001014458132,m1
2.12950145689957,0.317543583465158,m1
3.99592707708897,0.152722731021815,m1
0.821239161984064,0.718242120747338,m1
2.69559279717552,0.482311545685399,m1
1.54220818281034,0.0965344354573172,m1
2.85577001524344,0.726616773193469,m1
0.00879190269485116,0.731524799887906,m1
3.38079652865557,0.841139032852487,m1
0.70778884222731,0.489144827100565,m1
3.49458930734824,0.234011547138332,m1
2.49402397164097,0.0911037750364048,m1
2.02158644092735,0.308302691094461,m1
2.37734474344365,0.886614081230946,m1
1.28156355534447,0.38304804870137,m1
3.77680471184757,0.799567890501232,m1
1.08670115234004,0.49211933136126,m1
1.39803788116854,0.490345901155728,m1
0.524406708742026,0.266185990197235,m1
1.07113538393984,0.78526377199206,m1
2.96002293943334,0.312262291601393,m1
2.19539709286997,0.543930634770659,m1
3.39519194326038,0.827263051687973,m1
2.110168466378,0.538827150523546,m1
3.55229633486737,0.850971739979926,m1
1.36313946361607,0.814778073876863,m1
0.0227787543074228,0.309255083033931,m1
0.540452457937878,0.995214463358163,m1
3.65221311284415,0.650595286242315,m1
3.854029029998,0.148737717628246,m1
2.13005196898058,0.34823751494335,m1
3.13375715738209,0.344205797722563,m1
3.07739419226535,0.47294298225001,m1
3.82262395940302,0.21755715626548,m1
0.716181849404704,0.378707081054104,m1
0.559388826703187,0.917299676582567,m1
2.58766396647086,0.884235398688703,m1
3.47857267332869,0.65805130083207,m1
3.34394756496791,0.108694128771662,m1
2.83205079956306,0.810941094763228,m1
1.09454579997202,0.73318628410541,m1
2.42479207953438,0.940045235057594,m1
0.852605418258812,0.047197923923959,m1
1.59498870978877,0.359036844386486,m1
2.80827948538587,0.651111100721988,m1
3.33076706096204,0.146111871223082,m1
2.45667306369543,0.588383847959223,m1
1.85935457538906,0.925640036315657,m1
2.68151767315576,0.66120154866972,m1
1.05268709109025,0.0192353804166196,m1
0.839913748204708,0.66683430018276,m1
0.51423767541023,0.454180020961794,m1
3.15439384389436,0.246330480443197,m1
2.64006792591652,0.873275714955409,m1
0.265675684272777,0.22693673509208,m1
1.97752696051914,0.498807840499445,m1
1.42191022655461,0.326181682790862,m1
3.98436316405935,0.882343318206491,m1
2.89599213720206,0.885814039620222,m1
2.63281086076656,0.310216890870594,m1
2.80641172085935,0.493732930842438,m1
3.02934722412331,0.117247342772665,m1
0.842397421464324,0.620937323939288,m1
1.82300391545054,0.77045271824731,m1
2.53688521915581,0.269143982169568,m1
2.15273121137917,0.0275983263077214,m1
2.28703509345418,0.621060903323465,m1
2.71326738910843,0.457346542016836,m1
1.2710603973954,0.9870084941393,m1
0.0884271561768837,0.576931422134861,m1
2.01852829172183,0.715973862726474,m1
1.9712185568735,0.863075522641069,m1
0.404360132651404,0.295402635820326,m1
2.68651965587819,0.167715535622323,m1
0.215639440927189,0.300756588919088,m1
3.88348839372303,0.746570158835268,m1
1.80227202219609,0.571545699538663,m1
3.62643207570585,0.693061457782285,m1
1.65231351273181,0.0660832343328511,m1
0.00420114335278049,0.0222954019160243,m1
2.41892607316561,0.356501489988645,m1
0.677796460210346,0.562412207205896,m1
2.51080788202304,0.860694504511426,m1
2.83546808957728,0.881244742379407,m1
1.18131440509623,0.129609608789673,m1
0.489674951635301,0.924316705728648,m1
1.53943779156124,0.677394920082879,m1
0.353256646302063,0.256378990989993,m1
0.657450658474583,0.643496443080134,m1
1.43888324499689,0.939681609496358,m1
2.76846679105843,0.411163235973916,m1
2.59362301436206,0.745655144294375,m1
3.16188120147632,0.750184098939062,m1
0.870830169253517,0.0367797718041111,m1
3.29107852113526,0.686953360486194,m1
0.788481182600837,0.298686101417989,m1
3.94548243901134,0.343256354521378,m1
3.73262172766309,0.667741624157527,m1
2.01428073074762,0.549113973673433,m1
2.13644062805735,0.064273902738234,m1
1.75139857104607,0.714647945204983,m1
2.42234894587472,0.0165933546216693,m1
3.72231445399858,0.19713604745979,m1
3.240058037729,0.877563046170748,m1
3.36954970363667,0.993749234750983,m1
3.79850883120997,0.676702441936824,m1
2.04102526402799,0.70190036422445,m1
3.38874687417317,0.891738067852915,m1
0.803479863214772,0.567451109524467,m1
1.26792154466035,0.164811744511244,m1
1.89754381754901,0.469014924138319,m1
2.89101663730154,0.0144593192024622,m1
2.39736216068547,0.0712543807117036,m1
3.35366219823668,0.95318657543161,m1
0.387294020739384,0.774166515262215,m1
2.25940579625731,0.304357168137794,m1
1.69867317786627,0.40302737561462,m1
2.06786660702853,0.533007164254435,m1
3.97326430360461,0.879074007553747,m1
3.73931391893607,0.18035635213682,m1
3.63595760619501,0.913071064504329,m1
3.56536063122097,0.0956073389420053,m1
1.6310549158412,0.786031595967012,m1
3.92545914682467,0.328180308288662,m1
2.19145706291031,0.974237719818018,m1
1.40128368207719,0.531062555524986,m1
3.42017365884501,0.792833471817779,m1
3.24565220153471,0.0229475514220539,m1
0.191390427553561,0.0935481214552419,m1
2.47854094216926,0.544283035800792,m1
0.75133189582359,0.678125423851656,m1
3.20443811176671,0.410564492925769,m1
2.55676976270136,0.917501475914032,m1
0.270829904661048,0.468958584021311,m1
1.49750816436624,0.467585465039825,m1
1.01195549034094,0.824690828951774,m1
3.43896108978847,0.889080985389766,m1
3.8214834191259,0.84605596042925,m1
0.775931275160983,0.280683488727664,m1
1.91439935510373,0.142633018277469,m1
1.43515289247921,0.271229507377255,m1
1.36790871951962,0.384659470937098,m1
2.62773670960078,0.53157358813216,m1
2.68859035731992,0.798033221969381,m1
2.54229918328812,0.322444063932751,m1
3.72921047360497,0.645991077402723,m1
0.268169686453417,0.852623346027103,m1
2.48145971772354,0.951369902630919,m1
3.11572254288429,0.546889517004369,m1
3.67388913077815,0.451281484868377,m1
0.252955313167535,0.167397472819197,m1
0.142015739469789,0.756914716953179,m1
2.07567073320318,0.654737111394526,m1
2.76703335466376,0.616230177506106,m1
3.41317942921631,0.0524954328548629,m1
1.91882854563231,0.469560756388819,m1
3.84916350041749,0.861908652213868,m1
3.64382353784284,0.84878088554705,m1
1.13536730318144,0.646858004371519,m1
1.9017334181387,0.439093593627098,m1
1.81393172410456,0.738736318873358,m1
0.654692574227229,0.191697203495423,m1
2.08639197179675,0.275978935529594,m1
2.34191537976731,0.361076744608814,m1
3.88813044166937,0.2424401640133,m1
0.274033086642623,0.485612842700677,m1
3.00755135451211,0.754529209077358,m1
2.5511877946672,0.127056314351154,m1
1.73099291695608,0.0828613039012998,m1
2.15741952667059,0.0726137901955517,m1
1.46591891282797,0.329488805813482,m1
1.89115947710956,0.908667950885487,m1
3.36403464543913,0.855262018184294,m1
0.442835221718531,0.521146968053654,m1
0.997510088066105,0.734952399783302,m1
3.70238097288646,0.220027731091483,m1
2.08210179165658,0.262348663721699,m1
1.53108082551183,0.0632329564067768,m1
0.875391185835935,0.435853386747185,m1
0.776844876545947,0.112381897898624,m1
1.6503612833498,0.665794488417567,m1
0.512443533813115,0.817892222593888,m1
2.30888746852521,0.351079710027436,m1
3.3560943863499,0.786650570524391,m1
2.63653592872852,0.0552705710994778,m1
2.97689220766583,0.172848578602308,m1
0.333574076125398,0.422507936586393,m1
1.81668208343396,0.910488178008585,m1
0.235557200113777,0.331949825603049,m1
3.32102361754002,0.184698241722421,m1
2.02525530588301,0.0103318921964383,m1
1.79344331063703,0.465123544541304,m1
0.881881711549126,0.346593965829816,m1
2.17506293542869,0.854679068536032,m1
1.44667232301692,0.495337831960176,m1
2.91615453997441,0.863768297392526,m1
1.95662923134165,0.764023167518317,m1
2.31858465200616,0.965318909583264,m1
3.82852838644059,0.72331833047932,m1
2.87635598241817,0.727935274763848,m1
2.85870397913689,0.323764433870325,m1
2.41355325366277,0.965827195298509,m1
1.61269772864319,0.0782061834969791,m1
2.43194778288249,0.508922013612348,m1
2.09460745815933,0.340273894398939,m1
3.67480999898119,0.31426501492213,m1
0.633944790621754,0.792006189966109,m1
1.23305139368447,0.941672804098926,m1
1.22405798385246,0.993236502281856,m1
2.96310109372204,0.761621221480775,m1
0.165449350443203,0.612463582334924,m1
1.29993351805583,0.885085668733343,m1
1.73876344968379,0.951927531894529,m1
2.02203233788442,0.665085029198206,m1
0.0825013985717669,0.301765558756422,m1
1.98110182120372,0.207208674752153,m1
0.99994343593251,0.801043218455627,m1
3.5101439174097,0.122629727898049,m1
3.12975739015359,0.235421959554777,m1
3.31133756789751,0.0217829757643631,m1
1.25440677906713,0.567551272283541,m1
2.41455906803627,0.820274833187112,m1
2.64630141588021,0.586148703590618,m1
2.50797614585469,0.833485101244645,m1
0.140119832560886,0.250824228514684,m1
2.33496308534779,0.0133713921670569,m1
1.97890016589826,0.946493825409911,m1
3.50483262191853,0.0993447025627829,m1
3.28628321337234,0.139445262340363,m1
3.12582408449892,0.342591524654883,m1
3.54855110902805,0.455445624736487,m1
3.95429397667432,0.535045094537898,m1
0.0646633612932637,0.355174086925806,m1
3.09069914648868,0.514191542987828,m1
1.23662742832443,0.281072399625089,m1
2.32061986307194,0.283051366395783,m1
0.493490509216208,0.973239902241738,m1
2.38411370377289,0.937286915800534,m1
0.857143438632134,0.0921350454242202,m1
0.464932274197694,0.375345397276455,m1
2.45216084735515,0.433842677728506,m1
1.54586574663129,0.658511191789526,m1
1.24561629370181,0.354506768213934,m1
1.2341587795224,0.795937027789769,m1
2.72973680182081,0.541165191242704,m1
0.699982126292773,0.291643080958398,m1
2.02849577321997,0.363255683741416,m1
3.75224608305749,0.205662837209296,m1
2.17899087195611,0.0378917740300531,m1
3.48372872783756,0.191358840177883,m1
0.604628914969973,0.326557541870628,m1
1.68150517313555,0.667017263447633,m1
0.0462383651407436,0.999451688005473,m1
3.20832914532628,0.0148882386273472,m1
1.70615480331657,0.56476268744783,m1
0.39720638478687,0.640235072472016,m1
0.447876932601444,0.633076357753249,m1
2.12598695410276,0.782798140132567,m1
0.864049932606518,0.548379911170457,m1
1.99045736369118,0.653502294699079,m1
1.40295958016952,0.332144507988356,m1
0.601307360342704,0.510531970596872,m1
1.51443323362758,0.816012347375625,m1
3.00594398790412,0.422126444207039,m1
0.150761831541546,0.148158062470611,m1
0.246396455951966,0.147365268832771,m1
0.840453348243609,0.453759754865896,m1
0.283237086793408,0.817138296710327,m1
1.60779841000726,0.601236994088627,m1
3.08891991070425,0.551278732259991,m1
1.99301151946699,0.395328399437247,m1
3.98330421106145,0.896565379097592,m1
1.64517122808006,0.707431213804288,m1
2.9586551676509,0.246567089996883,m1
0.542566947519314,0.808285305512953,m1
0.629004182072822,0.679410112686688,m1
0.658799943262246,0.512512537513278,m1
0.192391010339372,0.471717724872986,m1
2.11411061735358,0.672734625442885,m1
1.9221614277428,0.083971326599014,m1
2.92111625252618,0.0629635891004,m1
2.62280074967397,0.205217173115816,m1
0.363642537493724,0.618879841000191,m1
3.49848606348503,0.411560282646795,m1
1.01523243638407,0.430403459335677,m1
3.89461909767427,0.919999197096098,m1
3.53578739893297,0.534556226375629,m1
3.41189968445618,0.0810419734729221,m1
0.108550161960535,0.771233951956965,m1
1.00439066113159,0.0417799167495687,m1
2.88017453917861,0.662138454269036,m1
3.17931416257424,0.916071219179896,m1
3.2007569208378,0.648290456189308,m1
3.41566046937648,0.276720417747623,m1
3.58963710008096,0.426768231044174,m1
2.14292322254041,0.908325397294248,m1
2.79456300038565,0.746138912453433,m1
1.39369236651622,0.958913293334073,m1
1.56239303733688,0.920725734822801,m1
3.23245114114601,0.0606693299198523,m1
2.52693674122589,0.614079447771655,m1
0.89764608224202,0.76081360772287,m1
1.93579573956411,0.011709668022464,m1
1.69058711634204,0.854444984046859,m1
2.96449606505595,0.843535636273562,m1
3.54615529196477,0.779127669007052,m1
3.84715091409814,0.210599327105796,m1
3.27357591489097,0.685807857791893,m1
1.84400798609946,0.703501260614139,m1
1.84326274630148,0.209747663171613,m1
0.138983033710159,0.101679879119853,m1
0.563576455873437,0.0933639000076801,m1
0.625399595325347,0.103315370698343,m1
1.3270324250157,0.488855739070452,m1
3.7187156319404,0.403552946884534,m1
2.78394544951664,0.0908500131795881,m1
3.87930826513609,0.249958455355256,m1
0.316216058647726,0.72935222591646,m1
1.33785424095392,0.981114749199012,m1
0.291223112454638,0.450909828730044,m1
3.87245929797459,0.721441458823974,m1
3.02230032388866,0.0402488413983956,m1
3.48160504147597,0.180616353241843,m1
0.829518155772239,0.523469528813381,m1
1.53656786660198,0.224503777375328,m1
1.86700010069786,0.984920691109728,m1
0.415751936852466,0.293200084669981,m1
3.19275754420785,0.522268970716046,m1
0.135606880399398,0.428821247393033,m1
2.11356904542679,0.657634768556454,m1
1.86017774598068,0.947259565839893,m1
0.0977095391224138,0.0963352378734853,m1
3.44096437015571,0.635716328846873,m1
0.915840673361905,0.255163607528317,m1
0.78031436108239,0.00901522193150595,m1
2.94054082665639,0.696249876128044,m1
0.648080272900872,0.961729676135816,m1
2.14704518498993,0.0329869126188569,m1
1.41600160716148,0.221265103917103,m1
1.28949433407327,0.204201477586408,m1
2.60033852071175,0.896151800013613,m1
0.938963246874511,0.726424063527025,m1
2.58442080036737,0.176027334453771,m1
3.31830078696227,0.495888053109753,m1
3.00330206161272,0.324788820664864,m1
3.90924822375784,0.020401454307721,m1
2.51330047683651,0.451719656378264,m1
3.09700079837767,0.334548909387086,m1
2.58394979552599,0.419323571243905,m1
0.0987051000683568,0.24504841869697,m1
2.07694158531027,0.415647908477462,m1
1.48451620053127,0.767701362038846,m1
2.93970321714925,0.702741011476959,m1
2.24531905824877,0.945546346938703,m1
1.23933939317428,0.263382479709922,m1
1.13682383924676,0.788896898059058,m1
2.90142887555249,0.598258857757202,m1
3.22551141656982,0.818920738276327,m1
2.04384083674476,0.583216484709526,m1
0.891207468451001,0.0352245767058339,m1
1.25791489836387,0.693923173357267,m1
2.65404981765896,0.98750324397278,m1
3.28488890929008,0.743866510196938,m1
3.46284029964684,0.837463127493858,m1
1.62159509202372,0.95691056751099,m1
0.913472896577325,0.0686342516770819,m1
2.90807206697902,0.992971569082816,m1
1.70473500783229,0.882546678927029,m1
0.0436931271138601,0.357876521089231,m1
1.72393966410169,0.827518362145754,m1
0.174211602372117,0.434962580778985,m1
3.78497210337268,0.857519714948023,m1
1.67070048783952,0.643553313353099,m1
3.62849357778626,0.290148164421553,m1
0.0703638065038249,0.659573876127717,m1
0.030478699515108,0.514647357143927,m1
1.39067697841767,0.0303259757265914,m1
2.97276592846168,0.0886837428087601,m1
2.24629424231406,0.087549293645774,m1
3.74598182460107,0.625734209722839,m1
0.722242543817032,0.81900838083413,m1
3.53833236027323,0.70605734930723,m1
1.38850425460795,0.270269776185392,m1
3.44979618382826,0.444999151890282,m1
0.30531697718706,0.768754034303478,m1
1.27667776929215,0.927146622340195,m1
3.08140370220505,0.997706784449401,m1
2.51637118244916,0.26403723137849,m1
1.87031821005093,0.651662017939496,m1
2.35841798914177,0.125083951202803,m1
2.23184062136896,0.990436957887723,m1
2.26904328097403,0.0371925117012579,m1
3.69510141131747,0.606613457587664,m1
1.77709911496704,0.160038901476655,m1
2.06493748090556,0.962420497926301,m1
0.790063083193265,0.577101051025442,m1
0.955479738545604,0.602123331505107,m1
0.463187804894056,0.188481970871217,m1
1.29106341731036,0.066977013832191,m1
2.46716942601698,0.33718333898962,m1
3.36645224790229,0.196730232272996,m1
1.7575016367957,0.0338944079804933,m1
3.99946379731921,0.556668620626791,m1
2.55932581308531,0.584886448863312,m1
0.762655904228333,0.190978705037036,m1
1.21830856188806,0.662865966978599,m1
0.519926863606088,0.842886783195892,m1
3.92031833408494,0.509764588093734,m1
0.306775210381486,0.670968944813125,m1
2.62573738930235,0.952726324680611,m1
2.19888909148704,0.720954199203639,m1
0.546523464543745,0.864041824091692,m1
2.55205776061537,0.155067735961406,m1
2.40289009616151,0.431552279892727,m1
0.972490098594222,0.611408447891707,m1
2.63934621876571,0.580331893255119,m1
0.502386204075534,0.50577691245859,m1
2.21239632070251,0.926376823686645,m1
1.20461861868296,0.405795022307662,m1
1.78482823174261,0.558635662359185,m1
1.94255550967064,0.0245360741459299,m1
0.82643831530679,0.0407939162608236,m1
3.83964812256675,0.692276690135943,m1
3.61976152511919,0.923035810540663,m1
3.32248562348867,0.824417181235855,m1
3.64114763904596,0.218858455434791,m1
0.366898716642987,0.385300984534668,m1
3.4274217556566,0.25728276287287,m1
1.26403466494707,0.971665715420735,m1
0.927231008769944,0.781265054427437,m1
2.66552003473183,0.976759840840474,m1
3.97526202847622,0.166880253287614,m1
2.9464556318596,0.734126147056697,m1
0.943439801534638,0.934499381755479,m1
2.74366191469552,0.484396045319852,m1
3.85239144474501,0.997235260385787,m1
0.500502539099194,0.292296800549026,m1
3.68415536290919,0.512162414388033,m1
1.52388046766445,0.108325351385982,m1
2.14973521836801,0.250177313726861,m1
3.78906430232106,0.793593613167293,m1
0.529822018848266,0.982921173832496,m1
3.63600483062677,0.907781736794277,m1
1.22045988654578,0.341133734543109,m1
0.238301153203007,0.323099701257306,m1
1.58076969296858,0.534079024680075,m1
1.80537404087652,0.673944486110006,m1
2.83923706683004,0.502263947299332,m1
1.33457804650394,0.545288730831817,m1
3.151420688082,0.405219558466226,m1
0.0676592265986837,0.878843726707622,m1
1.75958814967051,0.508172339220648,m1
1.29446980239311,0.844823989808909,m1
2.01070349781169,0.239965207416099,m1
3.25427978120744,0.308794577768655,m1
1.51089545052173,0.822190392296412,m1
0.226595630294178,0.35230325727223,m1
3.51907793310238,0.210266968611162,m1
3.81696405686438,0.686097043303656,m1
3.53283318998851,0.974506027838215,m1
0.878714129985776,0.0456724317275221,m1
1.98633816729393,0.950515332933166,m1
1.71404763487261,0.547695523711271,m1
1.62572007325105,0.399062482431647,m1
3.56875750027271,0.372616878129658,m1
1.11424826298933,0.499039024153608,m1
2.83600185860321,0.431391915024258,m1
0.223539455918595,0.189262356621795,m1
1.47676986955712,0.273862171420478,m1
1.74100279470952,0.38209468867979,m1
3.79601605938375,0.39637936808588,m1
2.53357575891865,0.335391321700532,m1
3.59575296646962,0.972918763524503,m1
1.0443975695651,0.955772209950723,m1
0.445602275721729,0.783539960502298,m1
1.56801204605866,0.524830137810553,m1
0.906940000038128,0.461449983844883,m1
3.04297041296167,0.395807654786855,m1
1.328863059422,0.315776973500382,m1
0.157397134280298,0.936108373489114,m1
1.77899204746867,0.0461219214528101,m1
0.328822306030896,0.87395640657295,m1
2.79608381079556,0.963672312435345,m1
2.20348720129533,0.787800097844796,m1
3.77890219113603,0.300238531183917,m1
1.61578018792951,0.722393266352243,m1
0.995532941434532,0.165631733888411,m1
1.92893440778507,0.377356356741977,m1
3.46804468704434,0.605188862291863,m1
0.693693437813315,0.301451011072262,m1
0.40160104644578,0.00882887989492156,m1
2.92206964013865,0.183645009793225,m1
0.359506522909272,0.0509191963460762,m1
2.23674035066599,0.282181339444476,m1
1.71355248017516,0.174825020505581,m1
1.55128078297898,0.397461123347399,m1
0.461932841321453,0.435293737016967,m1
3.90431433764333,0.114749567059567,m1
1.47297580479365,0.236494360133191,m1
0.742516494512558,0.902472919125808,m1
0.45376566267712,0.362415281321155,m1
3.3495802750052,0.526127426940948,m1
0.607025049888995,0.924677955326973,m1
3.40811179651134,0.299504825741053,m1
0.419838902712334,0.36064157255902,m1
3.14018783784751,0.0396760487001156,m1
1.19306670696847,0.138750600291416,m1
1.96254437106848,0.258144238957437,m1
2.91454330249736,0.299365676671383,m1
2.49921330745518,0.998431939240661,m1
3.52075162541447,0.954092833371018,m1
1.57058211667929,0.585602220585453,m1
3.55151765893819,0.589186935473233,m1
3.66645821830118,0.731373047658824,m1
0.787172194092534,0.590409962211619,m1
1.12302528896276,0.663056996247964,m1
3.26600082945451,0.189687332505826,m1
3.50932792412955,0.0624633020401234,m1
3.60728407052858,0.145395738360239,m1
3.27095683713304,0.219059689409798,m1
1.53285579578904,0.456668103476404,m1
2.14180931803025,0.355872727515758,m1
1.13395065627992,0.821327293935465,m1
2.49642926102364,0.684762579075759,m1
2.37234137462499,0.695086637844797,m1
1.03041517102253,0.634644055948243,m1
2.25356598072127,0.432359247079701,m1
3.26585286982264,0.478924208957236,m1
1.64741645041108,0.601662139581051,m1
0.184956464850809,0.771771977194585,m1
0.31408613645006,0.803768980854424,m1
2.67595515074907,0.708438270870945,m1
0.0394909948329441,0.159188436867436,m1
2.41730514795659,0.376364550419035,m1
0.068218519879505,0.494270081795636,m1
2.99837452903623,0.755631579574081,m1
0.0214953063963912,0.994938246291247,m1
3.93432143176347,0.240399503230001,m1
2.32253520154068,0.672378864481114,m1
2.98108980767475,0.597763350317488,m1
3.57068084497238,0.150841435460025,m1
0.808114940311294,0.130545070087188,m1
3.657069233343,0.838264389478718,m1
3.84508482196508,0.18895084210881,m1
3.3820066963383,0.853812281846302,m1
3.08495829224819,0.0983462983879726,m1
0.861083105514757,0.373030549417832,m1
0.551518264595419,0.478084143149434,m1
3.36197735400451,0.780431873147027,m1
2.09175559341069,0.966636817988474,m1
3.56001923255017,0.902893065994955,m1
2.42124559527496,0.367371776357759,m1
3.80769514671201,0.789727019129554,m1
3.81112842150312,0.0611173775653588,m1
0.848168663032819,0.368164531140123,m1
2.65888974513859,0.867347691141069,m1
3.86008213121397,0.105364761284669,m1
0.0248175706975162,0.712088620756753,m1
3.78109999822825,0.702363534791395,m1
2.44112656530132,0.938053423948819,m1
0.331178878122941,0.164442571757478,m1
0.734009285614826,0.749461868246552,m1
0.982897301864345,0.283972515203641,m1
0.16114791229926,0.741580697865807,m1
2.95148115360411,0.725895771009847,m1
0.137929746177047,0.559219788838876,m1
0.181318669051863,0.629156668517273,m1
0.433910351141356,0.63675971799437,m1
1.79989771110751,0.574369518504827,m1
0.490815947612748,0.0312494534441503,m1
0.569274504781235,0.966224282627925,m1
2.03846954628546,0.943510553524131,m1
3.3254861023766,0.634356934478506,m1
0.477265394015238,0.967244616947137,m1
1.62693976163492,0.432881006529089,m1
3.71749519844865,0.0490168835228542,m1
0.544164803113788,0.573822110230336,m1
2.61734909101157,0.344584849011386,m1
0.533773425505962,0.537543417529785,m1
0.376417899280321,0.117969660313334,m1
3.21494188373489,0.0869607519019628,m1
0.422401679202914,0.449554072131286,m1
2.09817302633496,0.830098811810953,m1
2.7706875119321,0.0251548485032981,m1
2.49069799611159,0.977748527937918,m1
1.20310960807186,0.225012389627867,m1
1.28411431416217,0.909237026383169,m1
0.128869051135145,0.256536051522591,m1
1.29394079514174,0.187726777873468,m1
1.06061107014306,0.956346439587069,m1
1.35720183471497,0.241941086330917,m1
2.09338345405739,0.194224278904148,m1
2.30267175252875,0.0179491566433571,m1
3.17402665987005,0.529572748958017,m1
2.56961143634701,0.61759025938483,m1
3.05934068912035,0.176823537335265,m1
0.700354515703395,0.0604562998679467,m1
0.171690698586404,0.116259711392922,m1
0.0406187894884497,0.821818014019053,m1
1.27849840082088,0.688966061150189,m1
3.67742000849359,0.243092236345867,m1
1.6048250665986,0.285559656514553,m1
1.16090800177911,0.717975878200959,m1
0.144933064715937,0.297878857897478,m1
3.62260571235744,0.832973871344584,m1
1.35933529597148,0.50378261826688,m1
1.34393523803633,0.656310647309292,m1
3.4764817908369,0.182225166616845,m1
3.53687651094655,0.728769292529672,m1
0.573022865570616,0.985413040443324,m1
1.10508099599089,0.0618004876113264,m1
3.24616593517456,0.692868398800027,m1
0.620639757420402,0.50172604372853,m1
1.85402495356696,0.518450802726322,m1
0.483950212748721,0.475556571427733,m1
2.71041355560254,0.0450780080931727,m1
1.87393894652836,0.445693247116404,m1
2.78759137357539,0.165024855927331,m1
2.17104356570588,0.347973098338698,m1
2.85321154078096,0.413620886633056,m1
1.80818376246421,0.572909658153076,m1
0.681527336055879,0.582266004219651,m1
0.516015701184515,0.794597070337622,m1
0.578579795527738,0.190307146735722,m1
0.685851982306223,0.480280907329638,m1
3.92805260278704,0.71705800812121,m1
0.986574732226785,0.701103977673105,m1
3.979463066848,0.363890241743997,m1
3.8321734199822,0.058203949815128,m1
3.03438765645958,0.107754208799102,m1
2.43874151901389,0.151155146851204,m1
3.54229899850581,0.0549876659883885,m1
2.25746369556896,0.232304458348081,m1
1.60095671457471,0.86957742079813,m1
3.69900317150168,0.550312572771334,m1
3.98758819966577,0.369637381952489,m1
0.402432010120712,0.554628078147653,m1
2.589533582245,0.742804047915968,m1
0.194564799530432,0.865731578833191,m1
1.02994407856232,0.642445466679404,m1
2.93275996142207,0.209214535660227,m1
3.69743858282221,0.0970386498306179,m1
1.1975907791662,0.773303329376387,m1
0.946655383692589,0.302010977200232,m1
0.102202708929777,0.491130138205364,m1
2.03330347950896,0.0857746488911798,m1
2.15467967751482,0.883182337500621,m1
2.95243070982955,0.801873276259517,m1
2.00263907894911,0.412136148152989,m1
2.45526199885318,0.192518396358239,m1
0.584078120659105,0.388184278749628,m1
2.6484397499701,0.524074320819462,m1
0.0442253156690858,0.423867272777134,m1
3.81374287210964,0.943399684955017,m1
0.178492776528932,0.443949596933322,m1
1.11079654247593,0.291096794809448,m1
3.406117756397,0.881523549336474,m1
1.61715510159079,0.2575171647151,m1
0.0935250698924065,0.00590861547016539,m1
2.70263700928772,0.268946818629396,m1
2.61072395578632,0.0558246779463952,m1
2.82370012454549,0.325782036568038,m1
1.5544254217972,0.930760885010473,m1
0.757884610135108,0.996034850455238,m1
1.10211536702234,0.931925039941561,m1
2.59447857793374,0.31677629218786,m1
1.30476356719248,0.530393830874353,m1
1.64376434399281,0.674311499775853,m1
0.435257758720312,0.538196955912164,m1
2.45145833822992,0.33129192700726,m1
1.23196727172378,0.0851893820042023,m1
1.83680872060638,0.473364556419547,m1
2.79976999677531,0.839849801208475,m1
1.07516508441651,0.839078323973343,m1
1.07737624899903,0.710496949282475,m1
3.51754470204841,0.284043457772699,m1
3.19781879110402,0.55200934283773,m1
0.581560820173006,0.638198596627451,m1
3.9394302262282,0.676267045709188,m1
2.52576668072119,0.75856578389171,m1
0.322638769252691,0.0412189969151514,m1
3.27871203642571,0.760325518153841,m1
2.49353555778926,0.445373416882125,m1
2.78416177652031,0.31361083507177,m1
2.48502113418514,0.935781011087005,m1
0.83297838597279,0.216285235852469,m1
0.794340291124303,0.621581054116366,m1
3.71325912552373,0.0539976177520584,m1
0.784695795455482,0.87234815392422,m1
0.859766209229827,0.287273298115353,m1
1.34883752663713,0.866546967092901,m1
1.49164043937996,0.59850817639369,m1
3.8875568352649,0.375686326925526,m1
0.84638248436898,0.704136819422245,m1
3.59680974526517,0.365932351905503,m1
1.95999132133788,0.625285380285583,m1
2.67880457005277,0.472236232452211,m1
0.373780634550378,0.178447226967197,m1
1.45588150276057,0.661507548119989,m1
2.6064334257124,0.744401815544115,m1
2.11768707709108,0.467398586458876,m1
1.90884696775395,0.265432319335989,m1
0.35094905790966,0.200116511297412,m1
3.84386560470052,0.800192451318027,m1
3.08237782920524,0.570425388460048,m1
2.69608029435156,0.53553908209526,m1
1.47540838134708,0.266861800535815,m1
0.439447437073104,0.497779984480934,m1
2.05640989659168,0.95761342548579,m1
2.0279276900827,0.735124160140869,m1
1.54042360909097,0.421332545435871,m1
0.469698221866507,0.579091012850986,m1
2.27753458330361,0.853209927947028,m1
1.15741321103927,0.748680255335523,m1
2.20165997779602,0.389744696092675,m1
1.09247520448221,0.212898976398516,m1
3.10740563682234,0.0170042309842538,m1
2.99619859642303,0.450359812439303,m1
3.00154006273346,0.337900514073204,m1
0.985365037868731,0.653326218166039,m1
2.50458432457736,0.845418450503494,m1
1.79763975119032,0.616549330626847,m1
1.45634078959143,0.482871766609605,m1
2.73256677001482,0.333529177421355,m1
0.299551636253018,0.307989453452989,m1
1.6351565255844,0.206931318800198,m1
1.41248768087942,0.991493660146254,m1
3.26362075834442,0.0681825774267781,m1
0.603943701530807,0.554416751053184,m1
0.991476074123289,0.649350707129692,m1
3.2998391342191,0.0801943747299956,m1
2.65055187369278,0.281929036517045,m1
2.87044291032106,0.61917408886028,m1
1.02061071972689,0.24499158828787,m1
2.28537499602698,0.157057625770452,m1
2.22727995605348,0.296906762988539,m1
0.124972707126755,0.44756113792758,m1
0.200963428254705,0.276348863590159,m1
0.591076809630729,0.386857748158509,m1
0.772669331141748,0.964853839476942,m1
1.96455902935052,0.336682902732398,m1
1.22275263021933,0.558375441419077,m1
0.278794396227691,0.517158259447198,m1
0.232311959323473,0.810033017467358,m1
3.03072868359182,0.254831155581283,m1
2.95442351641553,0.776923478419427,m1
1.78085551102133,0.526767633404233,m1
1.14730024127057,0.690778771266341,m1
1.52145485065319,0.342237812533742,m1
1.40796212838544,0.689401555154589,m1
0.73965896605514,0.591348434637883,m1
1.74841457433347,0.170938287157798,m1
1.7637902537561,0.352535301188473,m1
1.76615135566331,0.0259703316641971,m1
0.455561784977559,0.608438920261455,m1
3.7484798964425,0.58369118453702,m1
3.28151871645916,0.745269920155639,m1
2.667852013228,0.381554227601271,m1
3.85743568560528,0.293679048200953,m1
3.53089539104514,0.968112736742129,m1
1.50157152362168,0.647723822125816,m1
1.33053110932698,0.742109333642991,m1
2.08427417008439,0.138005588631611,m1
1.75279096729867,0.154417941244901,m1
3.82581071303599,0.0124373565707356,m1
3.76056591838552,0.314903967845486,m1
1.73543562124623,0.592824644730659,m1
3.81461566942884,0.920191286335001,m1
0.23070107232919,0.360369520866196,m1
0.348002162572462,0.708545043318765,m1
0.294389389262069,0.196454328199499,m1
2.10143945674086,0.0918987491840962,m1
0.399775801898446,0.334039414177882,m1
0.289471482829656,0.98588129723072,m1
3.45778183121746,0.986224187190877,m1
1.57566709469957,0.652938614344574,m1
1.67618950197054,0.829021516484674,m1
0.379763577189762,0.204892827339587,m1
0.308386793765705,0.52842430834542,m1
2.03110040023597,0.0756213565277867,m1
1.43789385205228,0.835595012400299,m1
1.03707792112837,0.506263941298588,m1
0.639615088647697,0.955489316394087,m1
1.31785233527469,0.079775024939212,m1
3.01632549987221,0.320809362131637,m1
0.992882309977897,0.317293307867716,m1
0.89844689621171,0.438073230639799,m1
2.40698726655263,0.00237658351799473,m1
3.4044934800691,0.69488833688444,m1
3.6618285989291,0.553042285147123,m1
2.38123033654643,0.98062525891047,m1
0.667981677742209,0.000822355906013399,m1
1.95461633673357,0.953886659545708,m1
3.96249796158355,0.00458463648275938,m1
3.42238515334902,0.0815130755236605,m1
1.17173512769397,0.0358346773064695,m1
1.50807943788962,0.940865369128995,m1
3.32726986832079,0.556469754696242,m1
2.80380811355077,0.772425453928299,m1
1.09655092747882,0.448035385035677,m1
1.70144852906233,0.928410803236184,m1
2.05510709311208,0.335816202706541,m1
2.52828523088619,0.565460695784655,m1
2.7416593195484,0.260549757368746,m1
3.5145120698181,0.828882087541395,m1
0.724714828636032,0.930318203700706,m1
0.696662050239276,0.519426831869874,m1
1.1133815775793,0.859295385279809,m1
2.26066079170024,0.211853760466794,m1
0.640426953708287,0.871076091175433,m1
3.07876262930594,0.318355538474163,m1
1.96938790933276,0.0676576289687073,m1
0.149070552576799,0.639645170745789,m1
2.3005808463525,0.433195535172475,m1
0.587231587737799,0.687497482070001,m1
3.6309470819924,0.98811616430094,m1
1.19528255187441,0.462813093160745,m1
1.65579628118081,0.319992914908449,m1
2.34696527171135,0.507587478332338,m1
1.37466688639019,0.938954685085104,m1
0.952577893903479,0.606156330431462,m1
1.71009321475495,0.755146575568942,m1
0.0152172482656315,0.0534893967416137,m1
3.09358407709049,0.172462202631752,m1
1.90688765679998,0.830760106304893,m1
2.06357960106852,0.420615214466699,m1
3.61259358111024,0.709228354591178,m1
3.48616225382127,0.927692450576229,m1
1.15403512093285,0.825871140536852,m1
1.65780700566107,0.778975207195501,m1
1.91242511689616,0.923575683188625,m1
2.84345648328448,0.44224284838303,m1
3.59261266251886,0.728086620779592,m1
3.23025221348507,0.33320505332516,m1
0.122398742409889,0.562941833634628,m1
0.220832715633791,0.806703684187145,m1
1.35099761364376,0.466781138835824,m1
0.0528792134076357,0.516103837836301,m1
2.99002492774976,0.669006005344097,m1
0.168478613297921,0.587474787151092,m1
2.52228886632947,0.986873730702908,m1
3.54033091641543,0.54088512825442,m1
0.152030981197488,0.593469158473192,m1
0.18230806057388,0.613178767188452,m1
0.537871934644412,0.181775794061483,m1
2.00441831560852,0.0420811384066474,m1
1.53497013581079,0.163804400563473,m1
3.68909429262672,0.57088892481185,m1
2.74589845203329,0.202960788525175,m1
2.57364911505394,0.934696089673671,m1
1.76820162844891,0.489754178761039,m1
3.10901292698085,0.523519340322469,m1
3.30725717605231,0.436912243334577,m1
2.13801971891383,0.697372293866472,m1
1.74277969942661,0.233271701111691,m1
1.08385678289412,0.215723033123999,m1
2.56175540834339,0.306563218691386,m1
1.25235094939731,0.849874645135365,m1
0.202175061738119,0.626839891202049,m1
3.21609875105694,0.704672070140368,m1
3.8402953413236,0.406542585673975,m1
2.6526910184063,0.511370991729316,m1
3.79053052947391,0.119091463408549,m1
1.73611302680988,0.815280958367628,m1
1.59194852050068,0.070839365205029,m1
1.2153845913941,0.409168587553781,m1
0.499780455394182,0.887442823342979,m1
0.689843479926698,0.339718688172754,m1
0.970742021354381,0.104617659550859,m1
1.4717199071995,0.311148934874916,m1
3.9261758419401,0.0894130221813684,m1
0.892615348140709,0.302506937755854,m1
1.69473068968114,0.187002665388747,m1
3.05195117558446,0.275421231607441,m1
2.70639872195851,0.143547570217401,m1
1.07864301702892,0.668297824063571,m1
0.34357140771253,0.928646767636645,m1
3.9488366360832,0.175692398018669,m1
0.819010502720717,0.425068998299655,m1
0.764241612247657,0.914677653134451,m1
1.37965221693506,0.989693253253587,m1
3.34771859407332,0.203569805945153,m1
2.73892131528025,0.751521461458062,m1
0.805420643050224,0.893426839354099,m1
2.15915168465348,0.75728610163962,m1
1.16518196600722,0.905848816514364,m1
2.29596588352509,0.799123266802519,m1
0.0559634504970163,0.387873882932821,m1
2.07867726254137,0.712930724525824,m1
0.933733225818258,0.124401695494889,m1
2.27808126583509,0.941411605775356,m1
3.1887581338631,0.878419808073435,m1
3.67932312200032,0.788110478921561,m1
1.10958901091432,0.0272527244520606,m1
1.59975982225826,0.294361186042894,m1
3.26814925378375,0.770559621484252,m1
3.23653592040064,0.171737943593413,m1
1.00886174041219,0.0286954390405444,m1
1.71641021645954,0.847085485876654,m1
0.470965912184212,0.227148471943219,m1
3.65175866919896,0.595158197396202,m1
2.21997258049436,0.156683910013991,m1
2.44538472461421,0.427102483311435,m1
0.593553357481956,0.911255989455967,m1
3.87618330248678,0.513706153816078,m1
0.813606677819975,0.185501718190848,m1
3.15389316751854,0.487199954933254,m1
0.553804903056938,0.794198820213787,m1
3.02175252547627,0.127724496846087,m1
3.25144156622048,0.749871280894615,m1
3.46766053855699,0.720148866410833,m1
0.430301560078282,0.639100629070541,m1
2.66210776678845,0.782059011701029,m1
1.29791403455473,0.716548068835167,m1
1.25100454721693,0.747078741078731,m1
2.66181322681298,0.483500997272669,m1
2.16971589464508,0.497425428828341,m1
3.3771989423139,0.00675308618345298,m1
0.251100430947263,0.858400174008682,m1
3.70036213260982,0.406002434160328,m1
1.88896404114505,0.423317413339624,m1
0.158874424147885,0.0332053500751499,m1
3.62057020592876,0.158318816046463,m1
0.117572886307258,0.865407448080718,m1
0.451416381011251,0.659156315349042,m1
1.93880488067865,0.547127711465466,m1
1.05766480097082,0.0947609076976078,m1
1.03395875451714,0.975991120654973,m1
0.241481815553736,0.272949321996653,m1
0.456134260819294,0.945402279912261,m1
2.59728581402451,0.46161883785855,m1
2.34846336606937,0.0284248815508327,m1
0.0572409220798872,0.161210319433594,m1
0.920041824303102,0.650304397289525,m1
2.26257031743415,0.628299190455931,m1
3.92218680734094,0.584092339985305,m1
0.623213879531715,0.515221372549306,m1
2.10310185555555,0.796059848762001,m1
3.26193152032467,0.400893598073861,m1
2.36716297138343,0.52539823633153,m1
0.22866057662107,0.072475404290366,m1
0.886564407080878,0.0806404464672087,m1
3.86527550740913,0.903859674314852,m1
3.80298451608373,0.98350728526793,m1
3.28214748408739,0.522654162606923,m1
0.575958830712363,0.4877469234335,m1
2.67358679866465,0.0578751875390299,m1
2.82019533540262,0.638856833540485,m1
1.16205988297146,0.822681899526971,m1
1.24121606590925,0.804804511724389,m1
3.21151488736225,0.840600930803339,m1
2.68443719301419,0.16975943807466,m1
0.612404736899305,0.137076173779205,m1
3.85008303409396,0.632883933436708,m1
2.03743579903943,0.843468349366332,m1
2.50187988809776,0.518756275317632,m1
2.35168666627584,0.8421641225653,m1
0.714873744541313,0.0305442035991,m1
1.45320173906349,0.00360555211768951,m1
3.68323131369706,0.353513000323554,m1
0.976731757116038,0.791819794630399,m1
1.61948507403303,0.897141463384614,m1
0.361843712158501,0.719704193683923,m1
0.259057652673684,0.329602203996852,m1
3.95833913994953,0.0649290677669924,m1
1.12640814768942,0.222404452899704,m1
0.588155813467689,0.0884385610448662,m1
2.85757333428413,0.890181252885028,m1
2.2486116824639,0.264881796282716,m1
0.948036845397204,0.295742437622859,m1
2.09608685547067,0.0110405697455863,m1
1.99695496090967,0.835402984379791,m1
3.03357932388596,0.6648116831464,m1
1.96064453498507,0.644117990438011,m1
2.95708777540224,0.798646769350162,m1
1.9721631522933,0.486174560469924,m1
3.0091504417425,0.613507111567073,m1
0.0192745114411227,0.463627738415496,m1
1.85183090582723,0.623960095509188,m1
3.9687042534207,0.64199300203647,m1
1.04794271623623,0.604608421315439,m1
0.303345181200653,0.796855552244931,m1
3.06628780883923,0.973797902680933,m1
0.0335801409427077,0.669602896266384,m1
3.19411441648472,0.240981173207867,m1
2.58075660792831,0.338639480466838,m1
3.18501080801245,0.874416216295678,m1
3.96669537917478,0.901426298945327,m1
1.48128056807164,0.0953077033096924,m1
0.511956343083642,0.0715253386436962,m1
2.51916002332279,0.353367252019467,m1
0.8675137855215,0.135430782262119,m1
1.09168603734672,0.740179426348302,m1
0.297013118407689,0.160692725709057,m1
3.30497128887009,0.480655314054224,m1
2.31182484870544,0.517933961521951,m1
0.0861097026150674,0.767006713833078,m1
2.12687832247419,0.47977399627259,m1
1.06880285470188,0.858900459432509,m1
0.263149564619642,0.408950330361724,m1
3.52496505182702,0.163236932588741,m1
0.338321161787957,0.392953984103631,m1
0.869853945639916,0.201181628472637,m1
0.345797655864153,0.0940235111394431,m1
3.2197999972105,0.612897287538741,m1
2.4285827602651,0.082064728405443,m1
3.6140611454891,0.436070882893167,m1
0.381361353789456,0.619931635955116,m1
2.40587633061921,0.549835416897898,m1
1.57664244715311,0.979362229252118,m1
2.21448736647097,0.915016333069187,m1
2.07148781084875,0.763489300962188,m1
3.05422386572091,0.288079208249925,m1
1.54809503590362,0.452914531038026,m1
1.6640826570224,0.401136376350769,m1
1.43187784368824,0.635341768503655,m1
2.7565850452208,0.519505198164494,m1
2.99276072833687,0.841508625313407,m1
3.01544264423009,0.214508760867524,m1
1.80736686415598,0.186250604207977,m1
2.45840837411024,0.899789756425773,m1
1.87796954513993,0.969731804691721,m1
0.504626087970566,0.441314086901373,m1
2.16045005803555,0.913884909846587,m1
1.21773491629679,0.253089284193818,m1
1.66622044522688,0.260476824728656,m1
1.84150585870631,0.680701135964249,m1
1.0994906486962,0.41297933313204,m1
1.44861143368809,0.569771822529496,m1
1.17600476582721,0.905179980330286,m1
3.06984180518985,0.0448770006026607,m1
3.64406776764151,0.981678094799165,m1
2.92558960900176,0.627376155130332,m1
2.59828056971263,0.866434967880137,m1
3.22808794553159,0.468361378556234,m1
2.36475292027229,0.479069062674651,m1
3.42570508257765,0.330533644678188,m1
3.01144234753959,0.552661926862318,m1
2.04531271916442,0.153908740796382,m1
2.44200619301852,0.162865224250243,m1
2.94918755938113,0.466435304747312,m1
2.60501434693253,0.959063542235759,m1
0.712502765906043,0.0430825122876558,m1
0.767816920017358,0.43989416861895,m1
2.97442335875612,0.118060533091426,m1
3.14267263766099,0.347208536015591,m1
3.42862178527284,0.580686151394853,m1
3.99600970656564,0.632379459649557,m1
2.22163456444303,0.201922316287993,m1
2.30464686462143,0.575043462500791,m1
3.17653322311025,0.485413723271107,m1
0.799133697286248,0.359514722400112,m1
2.84446374597121,0.290514179142192,m1
1.1914470777628,0.134891799662495,m1
1.47840109246131,0.897794792167377,m1
0.911196788897272,0.183157448312966,m1
2.62810061250627,0.448553746105172,m1
1.52794526594086,0.81848536531243,m1
1.18324862595974,0.17705302087951,m1
2.29010467190435,0.242975374215515,m1
2.19631307700323,0.811599210968125,m1
2.12177003042726,0.309768307262915,m1
3.17245501800021,0.75602032070409,m1
0.458184586192016,0.322855651164777,m1
0.642212224966846,0.0181847565037897,m1
3.74741299930308,0.151529869730468,m1
1.92534472438134,0.813489301235764,m1
0.964214455566369,0.418333105030353,m1
0.831302447306924,0.37146027544979,m1
1.04244395558443,0.133718239141628,m1
2.1884597402662,0.898751929613296,m1
1.88225814593956,0.805738990275422,m1
1.13198057416314,0.553659967548097,m1
3.39604962335015,0.79013055148744,m1
1.11737517830543,0.952217695194646,m1
1.48967468666518,0.121190496208379,m1
0.627949383800384,0.458927744352142,m1
2.90677156188106,0.528850104295299,m1
2.00767450255668,0.358281128657516,m1
0.32550105336355,0.14081684059347,m1
0.596334908617195,0.762707684975117,m1
2.71585097054346,0.932145758980885,m1
3.86825335912779,0.0999033680695575,m1
0.0911606764094904,0.142327306097955,m1
0.928377349502873,0.0745947452716064,m1
3.79568926200829,0.199323820577003,m1
3.71433810665831,0.251823841813603,m1
0.934706376628485,0.416951840534341,m1
1.66339496503118,0.247653283161926,m1
2.01646843070025,0.385848174627521,m1
0.334512787310872,0.132370509369881,m1
2.30624880793644,0.216686521872412,m1
0.901599654127844,0.722930083996151,m1
0.845179905606899,0.0788010662053712,m1
2.22414793532901,0.277881399585865,m1
3.76852822972508,0.146986993118073,m1
3.98175431877375,0.637642869874369,m1
0.249043992900755,0.087071958240238,m1
1.89484963332722,0.652207860334893,m1
3.9520343871722,0.44929477471998,m1
3.09818700259924,0.00424454049847554,m1
0.237715187338181,0.600275132262963,m1
3.03866082385508,0.484939432890038,m1
0.91696155130351,0.11400903653889,m1
1.1898864003066,0.870619258033228,m1
0.957994285409339,0.683158915722859,m1
0.257993985556066,0.602934966211789,m1
1.73246873753984,0.231876241967897,m1
1.3039465610804,0.877166689510224,m1
2.54976183573715,0.970477880347171,m1
3.47228645004518,0.520312598443008,m1
3.70816741459304,0.802253681710106,m1
1.94086486631678,0.816750327180373,m1
0.206384282446932,0.182714404590311,m1
1.07389481843123,0.715075434562052,m1
3.7266519084298,0.132684203847195,m1
3.93755184935033,0.161572678249562,m1
0.426692759887315,0.772532251830329,m1
3.0873615885186,0.557439299069112,m1
1.87896024892526,0.730846248125774,m1
2.88664178553829,0.500899261995335,m1
1.82461054661544,0.958167049309821,m1
0.647563584427815,0.46567566467647,m1
1.4501130158715,0.963162868822343,m1
0.817035902210511,0.957073622036842,m1
1.94418466371484,0.599179446571856,m1
2.56794160341052,0.232592632085551,m1
2.99446554491809,0.590559680279694,m1
3.11226173802745,0.312690842807991,m1
1.05546002484951,0.488412781851715,m1
2.18151231455896,0.916691334256902,m1
3.37512042126292,0.244107504131156,m1
3.06460259441752,0.721758068989497,m1
0.576714591331314,0.900633934775833,m1
1.6373753481647,0.115657120278687,m1
2.43727925526677,0.851642418077216,m1
3.80969489521952,0.356080378950108,m1
1.00348627086543,0.802757827442256,m1
2.47217866220046,0.912172536954516,m1
3.47406843771599,0.118783757620491,m1
0.0858936254209839,0.354356866231305,m1
2.84618599482905,0.867570183161413,m1
0.571517310347874,0.95461592314369,m1
2.82673727233475,0.316333141208859,m1
3.16801632495131,0.599894026075024,m1
3.50008032256318,0.700539079341805,m1
3.76650849968335,0.0750035799668403,m1
0.408100156054832,0.393309448131127,m1
0.557032310600392,0.569023258601432,m1
0.908140010042116,0.812483429432148,m1
3.20254464264819,0.269756742370897,m1
1.87588562568463,0.0761227600404527,m1
2.89709108357504,0.864858891942189,m1
3.90097176264552,0.391867203572881,m1
0.745125533425715,0.888092113819206,m1
0.395159256382845,0.112501408463228,m1
1.54692631327594,0.144741495419643,m1
0.133325326040387,0.624833381370758,m1
3.57760711969808,0.903329703230993,m1
2.72365785295004,0.481510366925155,m1
3.39337010636739,0.984239674710203,m1
3.78725962282578,0.248067847380182,m1
0.18992618682608,0.980262086333591,m1
3.31420832443796,0.41305122025765,m1
3.49062437951704,0.384102456703433,m1
1.38616363538336,0.327421757715289,m1
1.5059642562028,0.723668529178365,m1
2.3535528023052,0.861100621207734,m1
3.76409013053915,0.31536621797597,m1
0.341742038577795,0.380265963910264,m1
0.824956169297919,0.711970990344067,m1
3.60534790992318,0.0499573766656686,m1
3.33405074317195,0.171153172889957,m1
0.388071107362863,0.533561319509172,m1
2.87999362946721,0.926765254131751,m1
1.14108196917782,0.988864208169514,m1
0.77865217551589,0.458407474843203,m1
2.17307194139017,0.0770122388692107,m1
2.80152068659058,0.238013279296807,m1
3.65575142920297,0.582835304152803,m1
3.04603260941617,0.386167087554117,m1
1.62836303233774,0.477299253398785,m1
3.04525305739278,0.0236386637369869,m1
0.242844620147254,0.379554202569765,m1
2.82953072959138,0.605656711017131,m1
3.16251043736143,0.175080328556593,m1
0.407520578974858,0.618100515141501,m1
3.2933119135676,0.995673604534823,m1
2.44859100998752,0.630308246655273,m1
0.702291585223284,0.0485106901159743,m1
0.365641287181526,0.0976416122113587,m1
1.99438682954013,0.120959846316371,m1
1.83427861082228,0.699976505025988,m1
3.11643560961075,0.627853948712582,m1
1.57832798690768,0.705245120442705,m1
3.01241530545475,0.123464328928385,m1
2.67114955795556,0.773860028504743,m1
1.06221424166113,0.271537405327312,m1
1.39656765075168,0.744798060372588,m1
1.83891769965878,0.23127563687542,m1
1.27374624282029,0.983040286849253,m1
1.58475074485643,0.050150743146427,m1
1.43372562361835,0.475124837138457,m1
0.884219100256916,0.440507740510162,m1
0.319953450319823,0.515862496014568,m1
2.91877169996779,0.977421889878227,m1
0.509181221058127,0.699324921387015,m1
2.77360663198726,0.603915957174962,m1
0.354184506794903,0.0989850719843525,m1
0.075324667299632,0.925434070847463,m1
1.37000587290199,0.286359216593555,m1
3.31383075610735,0.157903242234373,m1
1.02726334574213,0.741033373380429,m1
3.96515433591837,0.230764406515285,m1
1.82737640582444,0.340958728267462,m1
1.88000798684265,0.313260020310874,m1
2.22846685760189,0.0296039865387138,m1
3.3404854501104,0.199913933962584,m1
1.17338544020802,0.946862253426691,m1
3.07529134348081,0.698549614510615,m1
2.78109728033748,0.555933322633267,m1
3.60833845373476,0.967825747347553,m1
1.89870042840065,0.11090646230476,m1
3.93284920749255,0.750700423068833,m1
0.41189910950698,0.507451053353841,m1
2.68271614614641,0.374374239249271,m1
3.95162660589861,0.5325038217908,m1
3.22645529728849,0.982305395670584,m1
1.92769862475805,0.719228841266362,m1
2.81201108045317,0.304922031580703,m1
3.25890070079267,0.962913114612224,m1
1.20798575248709,0.298129362711566,m1
0.883244874552824,0.711368646242074,m1
3.91224740874302,0.681191745268414,m1
3.14757749481266,0.453239573669154,m1
2.86285116166528,0.942176570643322,m1
0.782634616603609,0.473760667621158,m1
3.89696657402394,0.229960447339108,m1
0.474530820849352,0.0234575165683636,m1
2.98302775790915,0.880473414213862,m1
0.473838982667308,0.194607597334078,m1
3.76253229946084,0.228075740318396,m1
3.60196211285703,0.442548828372965,m1
2.31627046624897,0.918359616109403,m1
1.96789604462916,0.236924764647731,m1
1.6967374872216,0.732238749393029,m1
0.357344645567704,0.543053925143438,m1
3.14556971889827,0.691421372550656,m1
3.70405987890949,0.563345237088622,m1
3.18658490335289,0.426273751099128,m1
2.32704837317718,0.683814621745958,m1
3.57463108606264,0.564115983410622,m1
3.80456549759023,0.505404715738026,m1
1.1519351794105,0.253752852801466,m1
1.04805010517361,0.274402391059557,m1
0.0355283850100823,0.81293371192948,m1
1.7448802506947,0.446758563159499,m1
1.71892254011706,0.390378643526114,m1
3.35554292270355,0.736318806991563,m1
2.16789041371085,0.936919610103127,m1
0.801876185714267,0.447335365931969,m1
2.86642736431444,0.0844291983240982,m1
2.75055989431124,0.765443621232174,m1
0.217843709867448,0.859960340061807,m1
0.449269449616317,0.698388218304608,m1
3.03630619811453,0.362528226703405,m1
1.1757706442913,0.0518973965529585,m1
2.77855235669669,0.212215146424249,m1
2.36930500860186,0.949285709398682,m1
1.56694366621366,0.688413852524478,m1
1.44279065444088,0.901597561208648,m1
2.03560465700366,0.0540967343632365,m1
3.29509523370583,0.886040747978725,m1
2.56324406189937,0.310945038993144,m1
1.16814184983866,0.460366735848715,m1
0.566625793566927,0.539392432124354,m1
2.27410504537122,0.784769287046394,m1
1.38499043918541,0.860387225496816,m1
3.28963704305235,0.404734281143406,m1
3.23809533577831,0.546106499404996,m1
2.33788002341334,0.214235728326254,m1
2.33984181385534,0.971070599443861,m1
3.46577644630102,0.671914855940733,m1
2.84023545456538,0.871777278809226,m1
2.63089304940403,0.825004767707782,m1
0.101103932827245,0.689723874984658,m1
1.72574276375351,0.85654494217888,m1
3.8342223507273,0.550939212989644,m1
1.26195015014661,0.656551235037739,m1
2.73576636866247,0.238742465152289,m1
1.63363449522899,0.919206074798363,m1
3.22204131158348,0.921656085544149,m1
3.37808391970163,0.629629855140345,m1
1.12923255183129,0.0344692773764255,m1
0.905616233659443,0.948052412923775,m1
2.7754251733399,0.18674675394129,m1
2.69939693975402,0.274576870178804,m1
1.64909986361675,0.179934760469128,m1
2.8142496527438,0.226013766713208,m1
2.9369706074507,0.292959936178173,m1
1.01291654087929,0.803409033286967,m1
3.37030834410805,0.00703473213210236,m1
3.73582802695781,0.0477311416848097,m1
1.46979852780746,0.150163581027533,m1
2.37480175813334,0.892510666958871,m1
2.241230926699,0.617341596756363,m1
1.32575340634771,0.103863164485665,m1
1.49525810548291,0.894660410558805,m1
3.09587907999521,0.758285368416342,m1
2.9673896189644,0.125526096513378,m1
1.84822826024005,0.429369314703159,m1
0.107201994109433,0.0345861981144408,m1
0.72945229864819,0.537026566007873,m1
0.835929691323545,0.548629259054665,m1
3.66931673805136,0.50292533160327,m1
3.81903651338397,0.289277235093294,m1
0.478527849095874,0.262562140061636,m1
2.17701851157192,0.267443454653607,m1
2.15036957883788,0.133310964118456,m1
3.24996857997635,0.311685549391201,m1
2.90370360079873,0.539710817493498,m1
3.39851365067344,0.107316982968594,m1
3.4608058790639,0.911931847562198,m1
2.40892788391793,0.566193033881718,m1
0.704552265785169,0.0791868235493312,m1
2.19275980778551,0.737056544389343,m1
1.3001822994682,0.586531862114556,m1
3.33916399845621,0.414930404518032,m1
1.774007802465,0.00533389859739691,m1
2.54774020886514,0.319098682920565,m1
3.14815412899014,0.671042521783616,m1
3.02696462890552,0.47628178144875,m1
1.05169290958531,0.0702280566300033,m1
0.931378603906836,0.597497401555418,m1
0.531454953787848,0.823525203156518,m1
0.73164627619274,0.401961668592063,m1
3.79387041623611,0.975466260001645,m1
0.594956717158202,0.400016936726635,m1
2.97199948126171,0.781687809025985,m1
1.5966896135346,0.111870789138717,m1
2.46814232723136,0.815554671521531,m1
0.0766127997511066,0.596389854344656,m1
3.43446456292737,0.872509876096505,m1
3.73019007177884,0.596808419503504,m1
1.83168127966393,0.77499094584398,m1
3.77584269714216,0.15345510919753,m1
3.49230909164995,0.826420735979336,m1
0.695848251163494,0.768022850525565,m1
2.20970139647694,0.123911670225556,m1
3.74288116436079,0.626232868145686,m1
3.2969183524577,0.989163613550249,m1
2.71743813061388,0.139937081965618,m1
2.71961753881024,0.152347766691586,m1
2.0691437768992,0.224211794979405,m1
2.10767198706977,0.740837269867887,m1
2.91139827000257,0.713010488423402,m1
1.24858307390148,0.838834458630532,m1
0.889415295165032,0.633747082007816,m1
2.87322238215711,0.766872681952896,m1
2.38661379205249,0.647046447654953,m1
2.32891596278362,0.0562290346517693,m1
3.05700718087284,0.0690856275995029,m1
0.369089066460263,0.213430079869227,m1
2.61354531405075,0.560470095262048,m1
3.94362142484868,0.254446604583529,m1
2.34235252516437,0.23040920256637,m1
0.347986250340007,0.307494833866716,m1
2.70096946209017,0.892004883474438,m1
0.969252492022701,0.649587574229226,m1
3.73737296106294,0.763519902051659,m1
3.5859816844305,0.3965643243253,m1
2.37061876946734,0.603248609724687,m1
1.41175317178154,0.402189036100288,m1
0.0624759719287977,0.883972940508393,m1
3.44250274273567,0.968575001200428,m1
0.753462930552196,0.234820444885991,m1
2.98632790050702,0.374965858980548,m1
1.70397281250451,0.0738587549282238,m1
1.0810692196372,0.709985926672118,m1
0.598412079766393,0.136230569424224,m1
2.21137733999407,0.00043681311502587,m1
3.6108407097389,0.888982619321672,m1
2.79257627658965,0.555175194844604,m1
3.13785874039913,0.23570409314835,m1
0.0813537217611447,0.868271589909447,m1
0.0370448691551574,0.0733783180877799,m1
1.51831691577332,0.991542515243869,m1
2.40116566361487,0.102172038749093,m1
1.30960202949122,0.57130890404107,m1
0.96769828857528,0.361612535440014,m1
0.437199656183831,0.178953004343784,m1
0.978349908726756,0.185227148110629,m1
3.77224450617237,0.279726556345006,m1
3.87471481245756,0.682755511384341,m1
0.665953344299458,0.32505344300624,m1
2.74692493916117,0.168468616374186,m1
0.918326584628318,0.776080914266291,m1
2.59106929615326,0.399965383569477,m1
0.63769461195264,0.532145211649942,m1
0.293286805978511,0.42840389886417,m1
3.40157827168377,0.849381320958957,m1
1.78232806379208,0.0778239922125358,m1
1.34714394674357,0.438567348979181,m1
1.16700981876208,0.557762911492842,m1
0.53960726798512,0.513375542365364,m1
3.62598423809046,0.99970515011868,m1
3.59198648159206,0.561948165355716,m1
0.582060339505784,0.446301663649152,m1
2.2331472631963,0.608731954805204,m1
1.31067375902878,0.223763946991647,m1
0.651415695649572,0.807361614101799,m1
3.88054870745633,0.994259699768852,m1
2.12254228592431,0.620212421490694,m1
1.42852855205396,0.147840664948337,m1
3.77041851418791,0.222812453832594,m1
2.38814805398602,0.339035676756175,m1
2.55481401711749,0.258577943231328,m1
2.05326584634418,0.166332883453462,m1
1.3225683471323,0.474689359287149,m1
3.18269482719572,0.868875795722473,m1
2.88854261951661,0.752296699370141,m1
0.549513360294979,0.211380038237316,m1
3.06358386706142,0.227753015190363,m1
3.41866193559533,0.690282814920531,m1
0.484263656985946,0.44168190633785,m1
3.2344617396798,0.162195016669924,m1
3.45098276882665,0.806040457038442,m1
0.497472924345173,0.417839832199039,m1
1.59211367825838,0.996687378179748,m1
3.41715313452156,0.198390949014924,m1
2.53543103432842,0.609547626038082,m1
2.47533326000953,0.0385068053408759,m1
0.958178445680998,0.394277000029339,m1
3.55418299956573,0.218164662636351,m1
3.68176284084935,0.542352723606396,m1
2.36330956036504,0.0155622083465569,m1
2.16202230375959,0.193525403558626,m1
0.759742095749825,0.499543158692075,m1
3.91178891004808,0.600631770111271,m1
2.01299784951145,0.778353108384996,m1
0.876260530545842,0.245625861530774,m1
2.94335842492385,0.0138141422694316,m1
0.370930764988996,0.0317468761646887,m1
0.382051595684141,0.173014395702397,m1
1.31959683272569,0.960750282578054,m1
3.49753973201802,0.19549906996428,m1
2.50901383831492,0.655051884926739,m1
1.92149336451897,0.278293794906,m1
1.5728936200235,0.320118972410448,m1
2.74960085635865,0.660261995063862,m1
0.669576914086472,0.77535386941256,m1
1.48320917506563,0.738232698576641,m1
2.85048431590665,0.511749137647916,m1
3.52671146836504,0.577580542245298,m1
3.37353434294509,0.743346632984467,m1
3.44735292627383,0.0127530818504747,m1
3.1386307033035,0.501458608313929,m1
1.5617045027297,0.289794811809552,m1
1.21136790280836,0.321883585980278,m1
3.89873158348771,0.578872769797687,m1
3.13149855777994,0.17900700291025,m1
0.73794179438008,0.0897258158604382,m1
0.94016386449337,0.104370300584007,m1
1.06555024804734,0.213680901886197,m1
0.761927721940912,0.97225569865026,m1
0.0584981677806936,0.0427478320795344,m1
2.08850570082245,0.664480779855163,m1
3.86785248305229,0.884944951825892,m1
1.37386829484906,0.398449346272275,m1
2.39150921003195,0.56870491047448,m1
1.50675476899883,0.784179181678221,m1
2.38225211794442,0.377629050629446,m1
0.661517374210525,0.855769127035863,m1
1.68543836738216,0.437062596767792,m1
2.6579814977455,0.221741765881539,m1
2.43227324073389,0.694328348621377,m1
1.80189073592704,0.751200944389217,m1
1.49872631066153,0.141081834336277,m1
1.55284783098754,0.169092242340674,m1
3.85952182053355,0.847744982635952,m1
3.75464857338974,0.345823529545334,m1
2.7043591391542,0.730172796760104,m1
1.20907025091257,0.727495697129285,m1
2.88310595282353,0.381422736076405,m1
1.40455332286283,0.834389727722853,m1
3.58081122642336,0.753111496564001,m1
2.75482564613409,0.826512925777002,m1
3.45937661168491,0.541814909649431,m1
2.72631161739258,0.373946410557837,m1
3.20600256921211,0.668650908283307,m1
3.61772957440652,0.369107858536183,m1
1.8851925713513,0.761445516543929,m1
1.82171397308866,0.440209471924463,m1
0.393389110404532,0.622189240292413,m1
0.104206449171994,0.509088218621793,m1
3.6027059979653,0.184499488940928,m1
3.97088383597089,0.724522858884069,m1
0.0790039604878984,0.192303733219975,m1
0.925745596399996,0.483481242085923,m1
1.46199686197424,0.932736197757069,m1
0.154537900607102,0.898350344264647,m1
2.76539671686059,0.614911403109785,m1
3.19139806200704,0.417161299827159,m1
3.50616802324308,0.0862756706053624,m1
2.79118510865141,0.922421063338406,m1
0.980300419533625,0.610382514720899,m1
2.18419076611893,0.845983664081199,m1
2.53846466719732,0.288522591064568,m1
0.0946773256049492,0.759225081356941,m1
0.741039574153721,0.68195411386271,m1
1.10115859504649,0.846911287445691,m1
1.68803633236093,0.527163009838434,m1
2.48257423691824,0.0241233975037467,m1
1.9057010681727,0.206329535954632,m1
1.74731864057202,0.397557572527789,m1
0.280711270370055,0.444422381652519,m1
2.69296919261944,0.110426535364822,m1
0.727792208450381,0.775954792242381,m1
0.208863075917587,0.566759023146704,m1
3.99294815759361,0.481349196065916,m1
0.336585854697973,0.106518869820167,m1
3.25623128447123,0.769479933381779,m1
2.7521924811569,0.0928978637944674,m1
0.385256481859833,0.900269835977815,m1
1.12158461734094,0.525710585005931,m1
3.16706234245095,0.154530369408778,m1
2.10550237127626,0.273476193202776,m1
0.720871527574025,0.0674164236210054,m1
2.33195913226856,0.0151975374292815,m1
1.02582617281331,0.791136020263541,m1
2.33301684483653,0.933254565465264,m1
0.653870241167955,0.306284697416471,m1
3.97649578629574,0.707793493119651,m1
3.54541320012975,0.551500053812633,m1
3.25281013690354,0.705924673662172,m1
1.72613717066962,0.149623096927069,m1
3.91775418124581,0.804368123674998,m1
0.211476130310446,0.376660288277781,m1
3.91922602946637,0.757809129641275,m1
1.41537786764884,0.574799938808777,m1
2.28979031433258,0.764667572312523,m1
0.466403850528412,0.343596645800862,m1
0.412620302549098,0.474370492955553,m1
0.02827855502069,0.978780390876112,m1
3.75043094551796,0.33263861623581,m1
0.83789838549355,0.407764835573384,m1
1.42541325200163,0.261605115917628,m1
0.944871080297511,0.970511763748829,m1
0.197394537545741,0.593797773630358,m1
2.50239587636339,0.921348436167114,m1
2.75988239586819,0.607026291104849,m1
1.32066809490835,0.68404031365423,m1
3.8306263478389,0.0599542722889455,m1
0.011414309179876,0.787118081934517,m1
3.48838382419618,0.220769912664196,m1
2.63502314660512,0.929150253314059,m1
2.42618932428816,0.181016026684549,m1
1.66187842791574,0.29740540344175,m1
3.30931162488181,0.00257890010101255,m1
3.66295008630445,0.832079148428398,m1
1.45990314311953,0.215121683686506,m1
0.850359484015964,0.959765025731176,m1
0.507312514128163,0.559549202847178,m1
3.72158531688293,0.398622663924587,m1
0.823146685351618,0.939325332194101,m1
2.35553461920703,0.904064844203298,m1
2.54401080265921,0.155987048589042,m1
1.95142268740525,0.237239154534764,m1
1.88735089111049,0.862184078182094,m1
0.615506222443189,0.128708983030985,m1
2.89882996957563,0.922984833464492,m1
3.89260199879203,0.631993156406214,m1
2.20463300349936,0.581964406580199,m1
0.52128689655941,0.732695748135098,m1
2.70896590876207,0.889539347490179,m1
2.0006236406737,0.645000385468593,m1
3.123237271755,0.463279069008655,m1
1.40835687592672,0.128187923271442,m1
3.45467173261801,0.50658184794453,m1
2.82588660869095,0.947788586490322,m1
0.96025968938414,0.100264257322298,m1
1.63869597500097,0.366744134362205,m1
0.327015616448596,0.797076552277547,m1
3.18073472405691,0.357475499389111,m1
0.131313814179506,0.11998410606652,m1
2.56418347441126,0.933622913504019,m1
1.7607666387395,0.261096608453314,m1
0.670129254912957,0.252883802452241,m1
2.97890014283778,0.305894282302936,m1
1.67357759028859,0.208297630014597,m1
3.3448589070118,0.389036781261442,m1
2.35630736050988,0.452148836248321,m1
1.31539777022507,0.0740072382969083,m1
1.58806523989327,0.00133756790112238,m1
0.146989336713683,0.823028020858648,m1
0.162655999279581,0.736638947563362,m1
3.50368381358637,0.831993453286705,m1
2.72003596287873,0.879635023920331,m1
1.08932882646192,0.294567555684829,m1
1.91777949839225,0.961145142370602,m1
0.4216332276701,0.834511793148005,m1
3.65914774893643,0.409506577567081,m1
3.05242267904337,0.44332011211093,m1
1.10779089164501,0.783132192839403,m1
0.375861219774932,0.0466553242874797,m1
0.27397657313291,0.990730397488922,m1
1.98861042286362,0.113348311900161,m1
1.24759259029012,0.844287392871454,m1
2.29307653799513,0.105572901775362,m1
3.83728583015548,0.198897117728833,m1
1.15266853340017,0.048445187794161,m1
1.13930960704014,0.382589955911622,m1
0.619656480481382,0.0594069080105983,m1
1.89283745889412,0.168611152861733,m1
1.19822874348843,0.477592452078243,m1
1.94671502342029,0.414073715157341,m1
2.26718624838628,0.819773249765858,m1
0.895539072402287,0.0189098868881119,m1
1.04115658169426,0.762494593689567,m1
2.57138659632765,0.0847222927579423,m1
1.69281758338306,0.609453374786768,m1
1.77155576348631,0.714470997247961,m1
0.631938040459063,0.631467421093024,m1
2.39558745824546,0.544873691219022,m1
3.89036171350349,0.19348601703567,m1
2.18786410786212,0.637204053600552,m1
1.7545770972725,0.0444265305405715,m1
1.56440355544677,0.887981163922581,m1
1.02274282207154,0.979822717926232,m1
2.05943929937668,0.421663448311505,m1
0.682251644906122,0.81146943885216,m1
2.21620813451614,0.931222585761338,m1
2.2234518497386,0.122132878610981,m1
3.96150339624146,0.348772255455493,m1
3.3510727604446,0.45634067009599,m1
2.2822240091525,0.208698696054285,m1
3.63392449312471,0.679949299462372,m1
1.81589618357131,0.642895552810282,m1
0.806203079502098,0.418725597128505,m1
2.61922737681353,0.109440805181395,m1
3.44443766679615,0.0657771996679949,m1
1.0389367790632,0.875242342047626,m1
1.39543999015819,0.899012794287177,m1
2.69135456492193,0.80892145308631,m1
3.93158498641569,0.00807854929426685,m1
0.673285455555189,0.696610504646087,m1
2.7315841391515,0.14338942504744,m1
2.27288159086183,0.87490363896708,m1
2.64234594858857,0.57573670757655,m1
3.30019102870207,0.174289971630904,m1
1.98584425360942,0.820951126420405,m1
0.674293641684577,0.470613587053143,m1
2.77795781676564,0.737808443078306,m1
2.23810998908151,0.491792607571697,m1
0.52699122235598,0.813528740804526,m1
2.04935550342035,0.793320317279315,m1
3.55988095288398,0.351895620283438,m1
3.30281599384826,0.766326978265075,m1
3.33373415255779,0.0361365691829706,m1
0.311862545047421,0.430561744418694,m1
1.60929651191551,0.759837833855534,m1
0.119874370523728,0.833505514237913,m1
1.26294732429599,0.623453466853825,m1
0.796163899659645,0.11526513327565,m1
2.91367528527882,0.58862891067937,m1
3.51309013910545,0.255905659804936,m1
0.93650071560964,0.39061294142378,m1
2.48883179946104,0.137734961883747,m1
3.58236937325122,0.197538420881494,m1
1.18689356613951,0.61163177388045,m1
1.76584873302514,0.00964359807607252,m1
0.719242256429978,0.173904525211663,m1
1.68319264657563,0.682381582043716,m1
2.46146142582688,0.87611199823767,m1
0.110654168290086,0.591588845214574,m1
0.06036932206247,0.102860457163886,m1
3.39161506426008,0.116566976065282,m1
1.14948080437258,0.229057570262346,m1
3.48414711143635,0.270825461588451,m1
0.01261381936213,0.305414185996749,m1
1.84666567930952,0.84020154296828,m1
0.0483454912612215,0.90719624996325,m1
1.66978390670521,0.752571141068474,m1
1.77265474188607,0.243758839149494,m1
3.01867292924505,0.368913018594263,m1
1.22709614422964,0.724124931442551,m1
1.17961744951271,0.891344456616789,m1
