gen,model,alpha,beta,pWeight,dist1
10,m1,1.79316701729508,0.536377979897097,0.00104373965271726,0.107216023696321
10,m1,1.85039503457174,0.333996890663572,0.00109019993391842,0.0453719127780433
10,m1,0.992970234358361,0.849069368420658,0.00096884268136289,0.137911861367545
10,m1,1.81937026712732,0.486134568820619,0.00103228655885014,0.103698719201314
10,m1,0.928994260819404,0.745836761293532,0.000977806542411688,0.131196182141707
10,m1,1.57520978007556,0.535587658445171,0.000824008439655164,0.0459984817228667
10,m1,1.84736081709749,0.410871587356451,0.00104333966589916,0.0551563056466868
10,m1,1.62012932037494,0.416908828085935,0.000866171462429152,0.0648584497647875
10,m1,1.1480413301435,0.586667506543427,0.000847815870874122,0.0567644464984859
10,m1,1.2948706902901,0.590957447556383,0.000776972929540255,0.0431494301515524
10,m1,1.20741538190494,0.653866111973831,0.000785875296510976,0.014626530999847
10,m1,1.30500753818844,0.600951293387181,0.000773067712231984,0.0347806760777411
10,m1,1.36314084998673,0.719820948859034,0.000826838335712962,0.055108654004332
10,m1,1.76624844942851,0.358964398720671,0.000986277261152171,0.0250778556035016
10,m1,1.75151529568152,0.353966500663222,0.000980910717091009,0.0149104836274979
10,m1,1.17466640784394,0.804326483440342,0.00086088922240656,0.0646612418847305
10,m1,1.95718209278349,0.318181203466137,0.00126793604583313,0.0696711926034279
10,m1,1.51921766452683,0.595647787086273,0.00081697536636081,0.0383821707454359
10,m1,1.46117097660433,0.356175139899704,0.000957832639909248,0.124130095384837
10,m1,1.35623515920231,0.668985649026113,0.000787479219666875,0.0346745258735995
10,m1,1.68638820061506,0.384494358545213,0.000915919159117451,0.0102100153934885
10,m1,1.97253962860516,0.433608691736931,0.00128189940910361,0.141252973904261
10,m1,1.25135382062261,0.653748729139755,0.000776576085920323,0.0126889905389571
10,m1,1.72865529967252,0.506353228608681,0.000931920504355281,0.073447199226663
10,m1,1.80807764786265,0.384054150448326,0.00100482142454837,0.0709676100384732
10,m1,1.46769093873872,0.316922274209811,0.00104348777787207,0.139098628355277
10,m1,1.17733192278974,0.660337226133425,0.000795119558242472,0.0136841510168133
10,m1,1.32513037486176,0.758386198493325,0.00084933233294983,0.0699274981375005
10,m1,1.04542152688711,0.978254812851242,0.0012648657415024,0.0727942593039887
10,m1,0.857525936183376,0.798957808194471,0.00108928477867702,0.0933444914401283
10,m1,1.15852045449973,0.624526959320904,0.000815395850743179,0.00875176537945912
10,m1,1.82330283358624,0.269836648391964,0.00117020794400672,0.0472531895141105
10,m1,1.22364787168592,0.765572945403113,0.000826072949102251,0.0897958717132287
10,m1,1.79308759912454,0.353345933912275,0.0010131629631784,0.00921748734576214
10,m1,1.47848375056868,0.496064933698357,0.000798220884420146,0.00958559397663104
10,m1,1.39621881919244,0.652328040128693,0.000791202581871885,0.121432118498181
10,m1,1.39077583036488,0.483134213012463,0.000813548303951936,0.0506971376255911
10,m1,1.46888691793613,0.54216170212272,0.000786045106519034,0.0917700381105168
10,m1,1.8088219202888,0.291388938769559,0.00111310436864631,0.0272299076017275
10,m1,1.4620940686125,0.524870499808375,0.000787524207799936,0.00564463127291464
10,m1,1.05586325697014,0.743065754085165,0.000855719224437623,0.0263196507080875
10,m1,1.72550909922965,0.475916108621383,0.000916127871245909,0.0310465415901229
10,m1,1.66724334687459,0.368581755647703,0.000923605137801589,0.0708991463345394
10,m1,1.44563758755261,0.428827697720365,0.000852164466357054,0.0114571522930242
10,m1,0.809630417159438,0.987025696230234,0.00155502335578943,0.0620352117109149
10,m1,1.72560435284616,0.397818538268851,0.000928436792342051,0.0654657254244298
10,m1,1.83396677241947,0.257688706790356,0.00120892505656223,0.0192851522263513
10,m1,1.02429386003586,0.943749919025922,0.00114846371062591,0.0882138937492957
10,m1,1.68395031862655,0.259587342624206,0.00113021541507912,0.0420180423115354
10,m1,1.35847530650351,0.69394310732668,0.000803320647821609,0.00525371939871512
10,m1,1.7682505853738,0.274996476907117,0.00111913044468091,0.089146236186354
10,m1,1.042842733795,0.646052276171939,0.000893355797892589,0.0847622638251315
10,m1,1.6316558834688,0.551624468220301,0.000868647036488686,0.0603867612398205
10,m1,1.37955945673419,0.544741454183779,0.000780024479768742,0.0103658975488457
10,m1,1.15931101923346,0.858893433072529,0.000938312733517738,0.0311673933183046
10,m1,1.45245839788017,0.658474169870182,0.000820726801795771,0.0429359398970807
10,m1,0.940548597551536,0.84729646990145,0.00101186306398638,0.03840645261883
10,m1,1.29955008149151,0.619313398367073,0.000771545208416964,0.011883166654653
10,m1,1.26988857306643,0.651647186351106,0.000774445020795112,7.73008390895684e-05
10,m1,1.015732169456,0.706575848317272,0.000888663945737516,0.133237713353808
10,m1,0.99483023402072,0.887862689281045,0.00102769311410485,0.0451718088859721
10,m1,1.93573203348448,0.272549478920231,0.00130469024948593,0.016677251747293
10,m1,0.982047734913968,0.822187348370136,0.000948610754335086,0.0353460838197764
10,m1,1.80946257307432,0.376945968645579,0.00101017472837259,0.111825534258523
10,m1,1.63596918015775,0.489781324536102,0.000851004735409595,0.00789259777316412
10,m1,0.882845912861825,0.7653302908511,0.00104339910195544,0.0690933976103352
10,m1,1.31001451525275,0.797177058598345,0.00089369092151006,0.0847784715429474
10,m1,1.35002769383859,0.659034547413419,0.000781485803881772,0.0460925628092134
10,m1,1.9539080622026,0.348598736430817,0.00123394160595716,0.141277777137722
10,m1,1.35984203685732,0.74887995145214,0.000856679069646113,0.139313991237135
10,m1,1.68332825262986,0.556200256218945,0.000920622848678719,0.141795460296979
10,m1,1.30528731286494,0.637426114772441,0.00077161801789776,0.0331753896458696
10,m1,1.13168817846219,0.555315413861817,0.000894677675666772,0.111473144469138
10,m1,1.28673728654297,0.616697883185285,0.000773200367289312,0.013099519270989
10,m1,1.00387852232395,0.896019804137099,0.00103809904105582,0.00568320946345484
10,m1,1.43886382389079,0.339978902444728,0.00100596035992462,0.100466591130508
10,m1,1.0700166989418,0.865829054394363,0.000955724786931007,0.113401675089584
10,m1,0.92331043687826,0.852757612156194,0.00103677733899763,0.0486671003348021
10,m1,1.03496945546351,0.959054756992682,0.00119495764125345,0.0502521891880555
10,m1,1.52411767372416,0.368048748814725,0.000914894084347431,0.0619949824581007
10,m1,1.60133424137199,0.498978125043539,0.00083249204412547,0.0689808746774301
10,m1,1.46836905280099,0.426430927350117,0.000849678017941275,0.0926645251732049
10,m1,1.39076959097754,0.797156908000575,0.00095657171610302,0.104515797559541
10,m1,1.79595546436722,0.304159857134772,0.00107999645911945,0.0657135587367431
10,m1,0.953115102115571,0.919933736752834,0.00112691781845783,0.0438396185790904
10,m1,1.06043746290928,0.83151085892635,0.000910968520712328,0.0449027092813048
10,m1,1.14803490160255,0.692561628154931,0.000804300712295337,0.023790402417073
10,m1,1.52543949736269,0.61927714530797,0.000836032915232908,0.0657892825061465
10,m1,1.6241829911589,0.24250068659983,0.00118823018269716,0.0799226711765015
10,m1,1.26743332501217,0.530341602843477,0.000820739610815109,0.0353516456571822
10,m1,0.980517450118866,0.838606459714898,0.000965943035565786,0.0287186063482992
10,m1,1.67847677851878,0.437844238253786,0.000881814576117201,0.00154137785085044
10,m1,1.20915827399102,0.713650867946622,0.000793684728261525,0.00405649351635235
10,m1,1.55923931244556,0.260414524868689,0.0011539037590071,0.0503857531239483
10,m1,1.19167547272378,0.718936147344419,0.000797768714497914,0.142113684779537
10,m1,1.52093250151239,0.608892929669456,0.000825803917279773,0.0491285523189034
10,m1,1.68345097027611,0.538921786567607,0.000906876612766842,0.0588746156000957
10,m1,1.13900606444493,0.943710389733412,0.0011464675824528,0.0898985764795647
10,m1,0.983918819920586,0.973711552158324,0.00127016894931012,0.105276425171567
10,m1,1.41597582701086,0.667438592059045,0.000808496890291867,0.0792582869419474
10,m1,1.88255182407411,0.326769431391524,0.00113814543699956,0.0772112571899154
10,m1,2.02179247411889,0.255435841281519,0.00152380185520938,0.0573200142545435
10,m1,1.8459248950324,0.241401438461248,0.00126431669030414,0.113920785336744
10,m1,0.931762343522643,0.728341125649208,0.000978456250465575,0.0389417734780085
10,m1,0.984154994459544,0.873834715459448,0.00101052938414524,0.0246526499283878
10,m1,1.09988287743375,0.694832587897164,0.000827443506068044,0.0552272194038088
10,m1,1.78873908208381,0.0640974485518117,0.00234836226515116,0.133314252097001
10,m1,1.51285499170952,0.504366303774218,0.000800626619521916,0.0118629925603083
10,m1,1.40392252246039,0.576637954481998,0.000774524752566586,0.000602155643056835
10,m1,1.12292258271574,0.981716145575278,0.0012881509449302,0.0304022306501212
10,m1,1.32711807037519,0.608817602226324,0.000770459002529629,0.046834882794933
10,m1,1.64603105937726,0.517302385821189,0.000863318003576657,0.0836650394788387
10,m1,1.3665712988599,0.701728018921638,0.000812432874642806,0.0337490393954667
10,m1,1.32560528517957,0.49570050021334,0.000824697198927376,0.0602342485081543
10,m1,1.32347756402498,0.309013727377463,0.00122436621390419,0.142684342030636
10,m1,0.844941578399406,0.914283817253296,0.00124988606340386,0.0942685423907163
10,m1,1.25766132382493,0.74033495138425,0.000810249345492195,0.00234070806219185
10,m1,1.00955583220583,0.897716498825016,0.0010384407688894,0.0466895022369279
10,m1,1.02026627188591,0.827357266342948,0.000926414749366498,0.021965975645693
10,m1,1.53384865389092,0.298036469926042,0.00105545431422484,0.0972931128814631
10,m1,1.36816027359978,0.578410595746757,0.000772467984232455,0.0168844031611802
10,m1,1.47110524278226,0.715830508828507,0.000896959912085033,0.115002293899059
10,m1,0.774299976751498,0.802622478646213,0.00126664387460524,0.140191070455157
10,m1,1.12194869990222,0.790005986370395,0.000851584588437216,0.0296849440022039
10,m1,1.10450487190822,0.667240661987444,0.000830676667617158,0.0476722205969161
10,m1,0.927145256265972,0.842012718471922,0.00102042689711853,0.075247105322829
10,m1,1.20408567097204,0.546602660389044,0.000843767303809813,0.0672718389522351
10,m1,1.56636665912936,0.308957916932376,0.00101708174819621,0.132949659989299
10,m1,1.74047434023748,0.333026630720739,0.000999416627477971,0.0407694283623629
10,m1,1.36142912762032,0.354743190633098,0.0010336562376856,0.0209407026378536
10,m1,1.54003318133647,0.494957603645745,0.000809331264090221,0.00216479613206881
10,m1,0.914230242733682,0.907717940585309,0.00113769099440661,0.0543245340428904
10,m1,1.92982730692386,0.290552546958277,0.00126011970661684,0.0241183703310625
10,m1,1.77330554620005,0.542374216887116,0.00102063039290548,0.141036002488427
10,m1,1.42143506042308,0.524264607140503,0.000785489685926697,0.00648342010737579
10,m1,1.72270747030684,0.280507776079122,0.00108589640772971,0.070315373935267
10,m1,1.72460276798533,0.53879802235609,0.000951585091474785,0.0757374081520604
10,m1,1.20139289929802,0.744498153199897,0.000809424704835553,0.0289565205584426
10,m1,1.05526565514075,0.706601325171649,0.000855369432196291,0.126628689162255
10,m1,1.26704017191799,0.837470063724938,0.00093753787018842,0.0445129814386013
10,m1,1.12969058912799,0.79046001731318,0.000850401749812515,0.0563203181669912
10,m1,1.94179764109568,0.257398206110907,0.00134974066685134,0.104303874095631
10,m1,1.43556348721786,0.501475263138104,0.000794994931856705,0.0215606085229036
10,m1,0.908887897719027,0.89539925969344,0.00111894407324388,0.0952055496126932
10,m1,1.61445213882433,0.503651382492852,0.000839755591988166,0.0192438807732176
10,m1,0.971103088331239,0.841891279847768,0.000977283073030095,0.0101986941406545
10,m1,1.69945066113322,0.503575238819402,0.000901791865480892,0.10925582202435
10,m1,1.38759469759081,0.54826938890483,0.000778443726204616,0.0532671480782566
10,m1,1.74066285681198,0.551086346333987,0.000984565351319607,0.078588866868449
10,m1,1.56756080008082,0.356011255339869,0.00092737996955823,0.00960624318167215
10,m1,1.58936925296739,0.55480367575795,0.000839230485993153,0.0145746795660864
10,m1,0.974066641322056,0.770110948536524,0.000926941442340956,0.060997737460284
10,m1,0.952526114451312,0.719231500797648,0.000954225057180137,0.0778514842446066
10,m1,1.34745566049133,0.750678849286353,0.00085179573556408,0.126697526288802
10,m1,1.44021753152629,0.439114237667316,0.000842257842088333,0.0763082740970455
10,m1,1.70617905541337,0.241241353198764,0.00118762435424609,0.082513954234951
10,m1,1.90779601078801,0.460543018805114,0.00116267774299067,0.0117061869753419
10,m1,1.38729082076757,0.519898058886935,0.000789882298756594,0.0342706962800469
10,m1,1.15151732297601,0.488452298920995,0.000975911753218933,0.126357690214486
10,m1,1.52303604823913,0.610184845002805,0.000827971427265336,0.0466933250625907
10,m1,0.778293812629229,0.847379897434342,0.00127980063869138,0.103844140197387
10,m1,1.34618969412388,0.469130828460939,0.000842857664681099,0.0223038607583061
10,m1,1.04644449869075,0.882148894576712,0.000991681945518671,0.0177271174153762
10,m1,1.46807306294558,0.642121038012483,0.000817295107684106,0.0635571948675211
10,m1,1.26355782086011,0.70668870849768,0.000790085065127241,0.0285545117320452
10,m1,1.6850936589413,0.51173639036408,0.000892559709054403,0.0448987064008118
10,m1,0.888003435327444,0.787226881573677,0.00103698806041112,0.0696163733178085
10,m1,0.976982245114905,0.831873710974985,0.000961815744508098,0.0511318868855557
10,m1,1.54384744178299,0.595954857478747,0.000832059473854,0.0526795462069346
10,m1,1.27591876802188,0.494850973490976,0.000851731004247531,0.0536166008621075
10,m1,1.04052417655637,0.701065163182289,0.000868086246179184,0.119299561112967
10,m1,1.40435533502006,0.642994755169744,0.00078935594726114,0.0634559802913502
10,m1,0.794793389243587,0.884679972547751,0.00128943529644845,0.0525078233798682
10,m1,1.05026982137766,0.726987783850891,0.000857723772215224,0.0274956574892562
10,m1,1.15196943435675,0.846202453062587,0.000916155398262107,0.070086496647364
10,m1,1.77629692582972,0.279964101883569,0.00111287699884116,0.0235318009513785
10,m1,1.89683101543672,0.397650449727909,0.00111680289261915,0.0264459188076598
10,m1,1.32197131618252,0.528168810606569,0.000799812528601602,0.0278816168634714
10,m1,1.06385958997968,0.779877677651127,0.000865242771896172,0.109428082064694
10,m1,1.7650785169582,0.272473826157136,0.0011231789865612,0.0731164040775414
10,m1,0.947334298195186,0.759649362979156,0.000954128460979146,0.126259746108624
10,m1,2.07803080331621,0.384735762720419,0.00155796242408769,0.141723686342999
10,m1,1.12886540704911,0.885199081354645,0.000986212092764064,0.110154971967531
10,m1,1.64830243045204,0.592261984489693,0.000918654670624166,0.133754559843893
10,m1,1.69678167612647,0.322593449177548,0.000995519116035242,0.0531679832266746
10,m1,1.03196917955238,0.94113530683853,0.0011378865702746,0.0112489942627078
10,m1,1.2755558789793,0.610118345221183,0.000776111667102829,0.0165700914925349
10,m1,0.91652936036681,0.972701327385915,0.00132363761807896,0.0457253281257675
10,m1,0.946510878688543,0.775155669558204,0.000957290327776478,0.0915736648764915
10,m1,1.22246084795394,0.694590189638299,0.0007862400972949,0.107952564348394
10,m1,1.54322180849065,0.335006294911234,0.000968181578887068,0.0330154367823622
10,m1,0.982574006884499,0.947823654229687,0.00118176088478505,0.0333832077297145
10,m1,0.784419189721394,0.948084249041148,0.00146451748874753,0.0508493678720383
10,m1,1.43615560360074,0.433502347115647,0.00084942818308113,0.0663682657288119
10,m1,0.920288435613447,0.904193489534132,0.00112347502187802,0.00557250607794657
10,m1,0.796089544866696,0.829555041383019,0.00122455165514251,0.0971978552576102
10,m1,1.52126940477439,0.458090366762707,0.000820777976385552,0.001840430821789
10,m1,1.69470706697636,0.516628369741168,0.000903737603962476,0.101363031397872
10,m1,1.35177015687074,0.818735932554263,0.000962970248883664,0.0611523957499969
10,m1,1.09714764552434,0.484308107872232,0.00106314803563439,0.135645602662403
10,m1,1.70897716509754,0.453047660554641,0.000899831676514659,0.0584672617805379
10,m1,0.954659478943234,0.938395081630819,0.00117419235695757,0.1018204884799
10,m1,1.53151027573246,0.615960887078156,0.000837680769640253,0.0478135135843051
10,m1,1.72222658018673,0.260753626217731,0.00113449449827522,0.0638006500085111
10,m1,1.42707847270504,0.334885971390958,0.00102679923936195,0.120087741438614
10,m1,2.02948737856705,0.214382896543491,0.00167416313652824,0.0646778419750065
10,m1,1.26293964110708,0.769624504879225,0.000837824290602722,0.0406238281582991
10,m1,1.30768059709503,0.762775770161006,0.000846368725705739,0.0218975518520496
10,m1,1.6651940337005,0.346875863802994,0.000949624539237917,0.0106299999665815
10,m1,0.959525432836648,0.705829231710061,0.000951069091246735,0.0444073401663111
10,m1,2.01779282885836,0.292272572079615,0.00143647733208196,0.0402030902574953
10,m1,1.38624912673551,0.558370375988513,0.000775892617956366,0.00421800052511414
10,m1,1.78237491943968,0.293617248801563,0.00108908903660416,0.0924251344600624
10,m1,1.79103317415291,0.379040181653295,0.000991129737698113,0.0358028541533311
10,m1,0.843405093159384,0.770705782448972,0.00111269033145107,0.143147578644717
10,m1,1.36449695443231,0.48306775980147,0.000821394236696556,0.0731883959145012
10,m1,1.39991284478569,0.441263746566736,0.000852328520984836,0.0703641387182186
10,m1,1.35863767802002,0.702929622602786,0.000810127308808741,0.119653124995308
10,m1,1.98457508077562,0.225872754346871,0.00152349103517588,0.131319489445757
10,m1,1.0280640822159,0.985381916130433,0.00129813456283774,0.116070144608332
10,m1,1.75820141090332,0.334322435911748,0.00100835511303214,0.0830551132156211
10,m1,1.99449050255781,0.291668118603051,0.00138251599328384,0.062314747600104
10,m1,0.962537696022269,0.848308859969376,0.000992093137354552,0.0579930166589945
10,m1,1.60293757541145,0.521821879087463,0.000836235921136028,0.0273993232163343
10,m1,1.36300136711765,0.389173462692902,0.000954607240192131,0.0879910199378143
10,m1,1.76660278596625,0.630365377039541,0.00116758663280184,0.121642733417727
10,m1,1.48781322555159,0.576355106402958,0.00079471034363371,0.0173589686666274
10,m1,0.936215361153621,0.665483104577795,0.00101541120372557,0.120832915776251
10,m1,1.57541104892111,0.659600326441717,0.000923015764140338,0.100595609753728
10,m1,1.02597449806179,0.990356299115697,0.00132024712819458,0.0500829918725225
10,m1,1.52071846938645,0.445032481890683,0.000829324044215582,0.0520161753229775
10,m1,1.79906969834556,0.255240223523429,0.00118696344431916,0.0468863220497267
10,m1,1.27455214710188,0.627321289968621,0.000773857196242391,0.0234107665230691
10,m1,1.74831030576691,0.348203298088198,0.000985127015764769,0.0531745649959224
10,m1,1.35491636589758,0.595051094879589,0.000770865368792449,0.018363944607325
10,m1,0.974524199300146,0.975529679367693,0.00128307117315132,0.00825656560916907
10,m1,0.95530880353137,0.715792949564753,0.000952014290974012,0.0877073932157716
10,m1,0.780633832635652,0.736139299152022,0.00127673635301295,0.109130449894548
10,m1,1.36612917409819,0.61292852138272,0.000772109238450531,0.000760643726048961
10,m1,1.4628829080914,0.472246726298027,0.000810689728631423,0.0051304942214095
10,m1,1.14569586383193,0.754288604285199,0.000822039829774534,0.0616697446835459
10,m1,1.32500517895099,0.723516482196187,0.000814244148832218,0.0170369812608871
10,m1,2.08245968730652,0.259675653739523,0.00169156730968417,0.110344592756692
10,m1,1.26603635425891,0.831332464789294,0.00092569464302549,0.121605335203479
10,m1,1.18226220797305,0.646341689534843,0.000795859026542617,0.109149658620761
10,m1,0.734153966789024,0.977224774561448,0.00171333956977246,0.0619970751328738
10,m1,1.04018663140234,0.706548503995189,0.000867150083537584,0.0430578163936027
10,m1,1.39307604023571,0.536935382356405,0.000781874652018548,0.0024654088956102
10,m1,1.08528575754127,0.592895355411322,0.000898275667067344,0.0576419349337256
10,m1,1.0407649676655,0.880417315104024,0.000990618362792749,0.0141200701397932
10,m1,1.52124106060696,0.478667620065119,0.000810390793033241,0.0093452842588898
10,m1,1.70933648233185,0.242140252528505,0.00118532383873668,0.13182095552643
10,m1,1.53198255514961,0.707020950044082,0.000946662180523938,0.0969601858754778
10,m1,0.898568177934862,0.921819466796234,0.00118869688351859,0.0379782671908268
10,m1,1.6564856171981,0.298729781828566,0.00103162656549186,0.0928495230704806
10,m1,1.49369492633599,0.461582201009564,0.0008171234320688,0.00875334886276402
10,m1,1.75746484234112,0.398018464830918,0.000951727922561015,0.0395305941149781
10,m1,1.62414321804469,0.400863740913451,0.000879547760983502,0.030381935499728
10,m1,1.04690210003665,0.577823748784943,0.000962857942896974,0.0816844941876008
10,m1,1.29510350312502,0.610876475751995,0.000772820379215161,0.0205123099461766
10,m1,1.40490061459359,0.549482935155164,0.000777976572978809,0.0462968624441905
10,m1,1.13869133473421,0.696740469478049,0.000808145592486849,0.0655668499473015
10,m1,1.12899433495421,0.873853509523431,0.000963300665741406,0.0476998449038279
10,m1,0.982254797857492,0.807873157569139,0.000937185082216557,0.020530304466542
10,m1,1.16777687032546,0.871400601471794,0.000963594500578696,0.0589445544398373
10,m1,1.2230621330068,0.615691344685135,0.000789111836761562,0.00828497181191247
10,m1,1.47686206237377,0.559438537968882,0.000788142288555506,0.0109371826549269
10,m1,1.37044591195715,0.781043838669396,0.000909762606350949,0.0974195060343253
10,m1,1.31835409059577,0.674287366358261,0.000781895891411549,0.0847441416246038
10,m1,1.57388767071712,0.683393870682884,0.000957649461246956,0.118290232315512
10,m1,1.43727897078876,0.487220944134637,0.000802859410743951,0.0299921700234815
10,m1,1.07709393540012,0.806343067338718,0.000878863261265687,0.0530933652128969
10,m1,1.43123863095415,0.620264680220544,0.000788670831244385,0.132916069447177
10,m1,1.32142603852325,0.836962677041588,0.000974678602027591,0.0488146570353018
10,m1,1.77685849263901,0.453283812802087,0.000962281068472838,0.0701053573539946
10,m1,1.58024109220583,0.383209366530006,0.000890169398960546,0.00756421793476223
10,m1,1.80479189008066,0.216791201143186,0.00130946022674164,0.0477539760877289
10,m1,1.38676499146097,0.54260899143973,0.000780266216072364,0.0230005434856857
10,m1,1.77371301040284,0.28214849037078,0.00110660165622525,0.103302225081167
10,m1,1.15428163715366,0.51910173333901,0.000920939975206681,0.0623223438298054
10,m1,1.64380337658526,0.542978709167314,0.000873499908320543,0.0730538107774774
10,m1,1.32964239163947,0.593178359610677,0.000771826455442139,0.0146999755517307
10,m1,1.50102613645975,0.645117359045584,0.000840351147840717,0.0999542868708211
10,m1,1.54280650180793,0.462047193406965,0.000821529900647071,0.0192830614858059
10,m1,1.45030073530893,0.424755066385405,0.000855638732471427,0.0358637139853254
10,m1,1.19347476979349,0.595983647975039,0.000811532806016076,0.0646530228064903
10,m1,1.47047125399266,0.657642097728897,0.000830864933444101,0.0955897132651247
10,m1,1.76734552450764,0.232026564106988,0.00123611316585123,0.0441877732872259
10,m1,0.921808052263119,0.911561136778253,0.00113770474669035,0.00485594145063501
10,m1,1.48061534558542,0.39542734230532,0.00088495160407928,0.123372548867129
10,m1,1.32396210437748,0.541746212190385,0.000790845614433509,0.00752062772974473
10,m1,0.881090020393895,0.85758684170997,0.00109640083331463,0.112593892753109
10,m1,1.60039001075495,0.528191156190499,0.000836329863837217,0.0438729947175315
10,m1,1.70314099878092,0.252983992135714,0.00115162044779217,0.0467691847657863
10,m1,1.35208587596268,0.617342301441068,0.000771287318824941,0.0428305251066879
10,m1,1.20361352780024,0.705248954416835,0.000791553139117507,0.0240013461678412
10,m1,0.913347254806855,0.942368887108011,0.0012261337847688,0.0313231957069887
10,m1,1.74271037558252,0.42832754546032,0.000929494881929867,0.0849496249067482
10,m1,1.36414610022944,0.414417301392338,0.000908049544437707,0.0709020874908252
10,m1,1.28552637807322,0.677047645097278,0.000779457161980141,0.0856556244148105
10,m1,1.25585314552188,0.520617987254603,0.000836174541669896,0.0877908977308045
10,m1,1.39218899448363,0.744547356106153,0.000872172547365436,0.0853134591359811
10,m1,1.44381222730252,0.704729686537754,0.000860046613530805,0.0298749764459397
10,m1,1.47575401484293,0.674575372852446,0.000850408356700643,0.0897037371622816
10,m1,1.64486634517659,0.23519224680351,0.0012088407987424,0.10164159188873
10,m1,1.1058724025363,0.670030521534029,0.000828919202393371,0.00436960007034799
10,m1,1.24563011052292,0.583243124339667,0.000794375477822922,0.0760560314952854
10,m1,1.05879828288256,0.972539403155881,0.0012404737186469,0.139755681608898
10,m1,1.54065277506712,0.648790287603872,0.000875180067217457,0.0705285557581834
10,m1,1.76106984165952,0.389364079593611,0.000959224979210123,0.0429134088183512
10,m1,1.47357280712797,0.52418342234775,0.000789239409965143,0.0298672216153276
10,m1,1.46528497844617,0.604486911370196,0.000795167603535353,0.0500872298054128
10,m1,1.35436938362409,0.725699056985764,0.000828328251024912,0.0673294635905754
10,m1,1.22284276168701,0.672101898710216,0.000782221973888691,0.000101474408861375
10,m1,2.07642171566863,0.0872133551789673,0.00273241467500923,0.0998155455325492
10,m1,0.66795544470116,0.983023223729896,0.0019909591157565,0.07477248471781
10,m1,1.90303209341131,0.371189823126408,0.00113297471262086,0.116092809615135
10,m1,1.73882828869895,0.293658873820676,0.00106433661208816,0.0998111661143641
10,m1,1.57475966805092,0.460100274410712,0.000829665272767877,0.0184555105549797
10,m1,1.57529525020375,0.34230929008533,0.000949108496916892,0.0757321632492164
10,m1,1.17356587149508,0.758664134500147,0.000820271521137906,0.0326799803632541
10,m1,1.04164166579548,0.973377836217455,0.00124613438459105,0.0542039147033673
10,m1,1.25673181804517,0.72541352926408,0.000799846017268537,0.00456290338935401
10,m1,1.82886951256039,0.302860669209022,0.00111054454518277,0.0906445875846294
10,m1,1.14378724800773,0.590211295461314,0.000848071263609795,0.10309753042209
10,m1,0.85101746129632,0.965815503594283,0.00138981788723079,0.061017473022551
10,m1,1.64361647689815,0.337786678423292,0.00095834750448193,0.0929138563950113
10,m1,1.04833228728793,0.565991755034682,0.000978744272185732,0.12961341022108
10,m1,1.45933761654424,0.52981334500795,0.00078613624698938,0.00488956780654583
10,m1,1.71180720586062,0.383212402579931,0.000929966563455156,0.103660703317977
10,m1,0.985022122201815,0.812860351246566,0.000938527620526761,0.0665600491491597
10,m1,0.716599034819038,0.924238165029954,0.0015847358541472,0.0606594108599887
10,m1,1.37652322059496,0.769239426716402,0.000895830791441223,0.0350132280785449
10,m1,1.91647205158272,0.254060050300895,0.00131723581840664,0.1355721531781
10,m1,0.876334334244054,0.825720898481324,0.00107257920268382,0.0260177671914716
10,m1,1.0704745226504,0.922116546457871,0.00107533351835182,0.0160389833590838
10,m1,1.56922635274939,0.42970470736357,0.000845408846980629,0.0826488330137927
10,m1,2.03294387473088,0.39321346572111,0.00141705522700943,0.112943416777986
10,m1,0.983345666171892,0.688796834813122,0.000930717234187221,0.107870366214762
10,m1,1.66454303571933,0.590826899626628,0.000935247330848064,0.0928307504153364
10,m1,1.29075629213758,0.462906931831347,0.000883034587903522,0.0404677039651044
10,m1,0.903043134503254,0.860699473060559,0.00107084173592803,0.0221491610486689
10,m1,1.88025054691756,0.232148293244278,0.00132970284058718,0.0590853559086918
10,m1,1.7536696296393,0.167426092487358,0.00150291483862521,0.1436769067686
10,m1,1.92975393134329,0.317075650460575,0.00122039399701434,0.0683788935433518
10,m1,1.77656528920531,0.439613330760799,0.000960223961597914,0.0813189220509361
10,m1,1.40385589862269,0.616435760200325,0.000779365784802512,6.66254420856257e-05
10,m1,1.24629733558517,0.699902735158758,0.000786566474906715,0.059404505171849
10,m1,0.956940079854032,0.762540388916918,0.000943437170733423,0.136817385099241
10,m1,1.64858910775021,0.434491395870561,0.000867346100490058,0.00200906254328319
10,m1,1.17064914533269,0.695921507336306,0.000796824916114134,0.0575066094298049
10,m1,1.20721567979085,0.77265955676656,0.000830792477510061,0.0374960836483876
10,m1,0.881041631791695,0.85776111563523,0.00109668255787759,0.0250278575603592
10,m1,1.4763371310341,0.642259271225558,0.000822144056774554,0.0485939082319695
10,m1,1.91060852938123,0.292520031213853,0.00122671577690727,0.0888993613201758
10,m1,0.917841152535523,0.865675729510173,0.00105972417896603,0.0606195118395238
10,m1,1.89205077232081,0.363396125300449,0.00112001083982974,0.0468622758889745
10,m1,1.29843337320342,0.564045731543286,0.000786260294810669,0.0169897156583959
10,m1,1.02512225835609,0.7748631491045,0.000885840806738123,0.117983265469489
10,m1,1.37012874341235,0.521005829928276,0.000792036108016932,0.0324169871729865
10,m1,1.23450390748372,0.800967201736958,0.000866397921431077,0.0125790135459112
10,m1,1.91258308216221,0.326786431484684,0.00118138833219328,0.10375589165553
10,m1,1.38197228290024,0.35864817830374,0.00100547139421147,0.0338651326420034
10,m1,1.21325008244728,0.843904234291156,0.000924820835346388,0.0227478536304018
10,m1,1.54449712742503,0.411330924087245,0.000858641940193146,0.0269033318035584
10,m1,1.19444637451955,0.835314496913217,0.000905216954729802,0.0721663372354593
10,m1,1.12952639104794,0.84648106877593,0.000916213553834818,0.108653328336467
10,m1,1.7948627333757,0.4261778845671,0.00097950553928534,0.0435048854627636
10,m1,1.8500186575839,0.302255953964116,0.00113305894791905,0.0320882263880826
10,m1,0.93898097786262,0.920316165493357,0.00114062608105461,0.0826865028352067
10,m1,1.14229513089555,0.678223038583731,0.00080740286800465,0.00167020744933432
10,m1,0.694361859364178,0.860104006962046,0.0015415158103632,0.120419939773143
10,m1,1.06619191932403,0.946309247268911,0.00114665649986414,0.0360523652632711
10,m1,1.48920464775193,0.559081566658104,0.000791828478881016,0.0431422132667424
10,m1,1.16623357881814,0.584483395613721,0.000836340614235293,0.0381583725369013
10,m1,1.88263875895298,0.208609201195729,0.00141332754671804,0.135841217754262
10,m1,1.23629508223719,0.508517147067088,0.000862358545941629,0.115917225289108
10,m1,1.05353582889165,0.985604997028833,0.00129465036953357,0.11838877288204
10,m1,1.36306734597898,0.512599231887354,0.000798678029610282,0.0932478302043352
10,m1,1.01265958430411,0.723290635463755,0.00088813001796652,0.0050162159545688
10,m1,1.32511387350244,0.670710219728946,0.000781518189568619,0.0182079077745159
10,m1,0.972439653011715,0.731477177648195,0.000927266144219171,0.137731382273971
10,m1,1.28262044291167,0.763659209970327,0.000837640532669501,0.113474896608228
10,m1,1.58324289859188,0.416886617655985,0.000857430762688304,0.0316377298331218
10,m1,1.06941173289274,0.87204613190787,0.000966440937087523,0.00371570785413947
10,m1,1.35724210617292,0.72681973023347,0.000830812816469969,0.0560342169249272
10,m1,1.26034570073498,0.635002089293534,0.000775477353057159,0.0394983750639708
10,m1,1.29228950642162,0.729152074884983,0.000808897946933683,0.0580653665301873
10,m1,1.30711795000109,0.612230550759404,0.000771395943479211,0.134705855433043
10,m1,1.06680484929741,0.606629766360409,0.000903348061293157,0.0442370851247685
10,m1,1.59927289242369,0.394669860406219,0.000879856171136697,0.0367277798168659
10,m1,1.52510383147096,0.529029049678637,0.000801422540346221,0.0367714118551056
10,m1,1.84166610774176,0.302698686447677,0.00112351355171485,0.0979887719206858
10,m1,1.68984242415079,0.331983072100884,0.000978462164677383,0.0121659158189338
10,m1,0.929418243421647,0.748111962940881,0.00097691588666512,0.0471658764894957
10,m1,1.67058919244398,0.559208447677484,0.000909918588463214,0.0812739858867236
10,m1,1.85060281418732,0.317752783486188,0.00111050414882654,0.0780279857336331
10,m1,1.31521098734726,0.594223099313544,0.000773031686321153,0.0303516945272195
10,m1,1.02065598672325,0.693132782730267,0.000888455826899018,0.0901784422584836
10,m1,1.32581256970268,0.928755488792968,0.00125869321924961,0.13013491680427
10,m1,1.62636769554432,0.336587764734521,0.000958202284369144,0.102501607840276
10,m1,1.72232778401528,0.428177803890774,0.000913516645494195,0.0652799476260412
10,m1,1.46836454422997,0.686430204191776,0.000857592747254827,0.0699972170931659
10,m1,1.51912790164846,0.62845386798688,0.000838889103563269,0.0936323600461533
10,m1,1.42310706237003,0.581951140300358,0.000777475963591779,0.00540059158549253
10,m1,1.3529632310991,0.68091398401256,0.00079304527625147,0.032395529053499
10,m1,1.84958054838834,0.570062978024378,0.00120931592595829,0.128227457815949
10,m1,1.77843521432996,0.424209136650455,0.000962636902006746,0.0532602474045794
10,m1,1.40866175804771,0.664528038096914,0.000803197336080796,0.0461635172014986
10,m1,1.1185919938678,0.807458144081195,0.000868300441461752,0.0772365112382101
10,m1,1.01813139348136,0.787839115139581,0.000897053279842461,0.064127446751921
10,m1,1.24879475015985,0.87312460757676,0.00100205252912702,0.125542179764063
10,m1,1.40902082908122,0.745994389505074,0.000886776065253751,0.123733411926589
10,m1,1.87493582094134,0.253059691699253,0.00126387775973317,0.0560445504059857
10,m1,1.51888919540639,0.498710947209614,0.000803278710121877,0.0791265764268045
10,m1,1.2776459463485,0.453878734860767,0.000906599764700645,0.119793927037539
10,m1,1.2631917200038,0.66342905045722,0.000776324075382941,0.00477057416060078
10,m1,1.01520129477018,0.83067717431081,0.00093294560938992,0.0556398280372804
10,m1,1.05502576746877,0.868341493090766,0.000964451846360857,0.0606590329387929
10,m1,1.63504169329361,0.560346337120014,0.000877227741830624,0.0759410511419232
10,m1,1.48313954285483,0.34745031148594,0.000964789349880148,0.0857604880530976
10,m1,0.918041583917227,0.72592476875039,0.000999022566209614,0.124492472812076
10,m1,1.10381997258683,0.715027120513638,0.000824964852856698,0.0167509755104175
10,m1,1.41195370735529,0.729263050787214,0.000866538726949731,0.0464700686376772
10,m1,1.23036829771312,0.458006117617657,0.000942637823755793,0.0589007397352663
10,m1,1.4455812669132,0.610223061028345,0.000789872585968468,0.00163509255258151
10,m1,1.00023711272967,0.745088641604308,0.000898570889352572,0.105059922450584
10,m1,1.6085011290766,0.396833993523463,0.000879445871537158,0.000442459805930455
10,m1,1.72682248239783,0.59674232054788,0.00102736079448075,0.13168899700575
10,m1,1.32523485960471,0.794505573421877,0.000898917153778574,0.0990313535354083
10,m1,1.46269674022764,0.530638450477484,0.000786430734655173,0.00571443815722158
10,m1,0.961206372090818,0.782592723889407,0.000943585868519171,0.0503944210381655
10,m1,1.77999164921626,0.577339350504308,0.00108310060367776,0.0543875152384015
10,m1,1.74897843729312,0.257226278919,0.00115354120533557,0.119921868615297
10,m1,1.38081993246187,0.465928359851673,0.000832222568343336,0.0450729785452706
10,m1,1.29260423257019,0.873653693007341,0.00103670659559616,0.0694781514505926
10,m1,1.06726254915655,0.610480512862037,0.000898967042994026,0.0686263453449428
10,m1,1.07891323949679,0.920671413560721,0.00107052707068252,0.00947248338459006
10,m1,1.23891330174425,0.688386625638856,0.000783139646000048,0.0355583194012533
10,m1,1.07282487708133,0.617973981721252,0.000886220057027948,0.140877399692845
10,m1,1.44321023446193,0.696023757046014,0.000849826706714431,0.0916885574008741
10,m1,1.44232683342113,0.4810505011559,0.000806341757017111,0.027426350141607
10,m1,2.09816063049306,0.276713531262898,0.0017070827292369,0.138328790717328
10,m1,1.51195417286928,0.31962235687611,0.00101205858105317,0.0555715023424917
10,m1,1.95738172093973,0.326894702124064,0.00125870603664824,0.0515412168011872
10,m1,1.11515324855244,0.740878767205295,0.000825283142966454,0.0539396359088495
10,m1,1.8819221056273,0.405015085611107,0.0010930405002261,0.114947639978377
10,m1,0.97680891355909,0.885389772159949,0.00103556600463505,0.095394118861637
10,m1,1.55545307564098,0.477455951591657,0.000818133491121755,0.00596737896864707
10,m1,1.53078870441891,0.689672382177694,0.000918045919483231,0.126433503680274
10,m1,0.951707140902345,0.971019482376254,0.00128309605210972,0.0458436663424029
10,m1,1.84434618452243,0.357398223510334,0.00106128311683675,0.0465176748539653
10,m1,1.82556567034857,0.178561788878745,0.00148348688372474,0.102644493555281
10,m1,1.25806671463683,0.709207072969241,0.000790942020635848,0.0213699670068613
10,m1,1.01599663248072,0.598322494964614,0.000976620074738831,0.123983527354279
10,m1,1.41376057851055,0.44123589798839,0.000847481555121602,0.0249655058468202
10,m1,1.57414777826956,0.665160785076495,0.000929545335241014,0.0702909338229056
10,m1,1.90475521760954,0.515468578117005,0.00122833471025666,0.0758513968659769
10,m1,1.16004764759683,0.780181440382045,0.000837587930469558,0.0270497491954903
10,m1,1.27674756383632,0.788231247155529,0.000864446023596421,0.0278162420848154
10,m1,1.72104247215049,0.252475183802771,0.00115702443399171,0.0761439676962117
10,m1,1.64617256859479,0.47303258062345,0.000856948251863215,0.0049250360396805
10,m1,0.939523816428566,0.747667100762239,0.000963902149533183,0.0801722249077553
10,m1,0.996936150897802,0.88425079367144,0.00101974440691221,0.0181556627804403
10,m1,0.916445613505441,0.779386496443364,0.000995102952710234,0.135414833555365
10,m1,1.47083646979883,0.705687243403678,0.000882864676015047,0.0614134411014529
10,m1,1.23114614980999,0.578301721419173,0.000803288116447333,0.0480523692864403
10,m1,1.4050806692474,0.516085943066599,0.000789791612092956,0.0150011873940188
10,m1,1.46533421279333,0.515519638693231,0.000790296335497312,0.037339115151155
10,m1,0.947158923180216,0.806910353323225,0.000969872008111607,0.0557417278559953
10,m1,0.767907746944263,0.994029000643981,0.0016906968274285,0.0809255451493664
10,m1,0.91741747360801,0.996256049188644,0.00142040330544584,0.026444526652394
10,m1,1.1202743714955,0.714016824811693,0.000817165874603959,0.0186134567785357
10,m1,1.56977376520668,0.311966162875244,0.00100947530816215,0.111886302368586
10,m1,1.3272361460348,0.919417956584549,0.00122328169375916,0.0745994548169537
10,m1,1.2051255701846,0.672968624313429,0.000785937823707881,0.0138986884933074
10,m1,1.83917554587192,0.444687744165949,0.00103732117497772,0.0459174503803721
10,m1,1.35133361731587,0.416090357190771,0.000913649313607206,0.0250667504258519
10,m1,1.54329290363501,0.615681641586793,0.00084585074176883,0.0129389863020164
10,m1,1.47159438503447,0.585278053006894,0.000791139666133944,0.0241801237734986
10,m1,1.29354586939262,0.666593928695143,0.000776733497093782,0.0602867735439064
10,m1,1.70742243982046,0.245309891417377,0.00117518961256395,0.0183782666285226
10,m1,1.4749736962873,0.395028337857224,0.000887049026190406,0.0536399868621169
10,m1,1.53725675015531,0.482382909261626,0.000812070323679762,0.00478791042197241
10,m1,1.13466791252363,0.500783936188573,0.00097432402814928,0.13584723860933
10,m1,1.09199432345085,0.790013659390691,0.000860068228765619,0.015078361925881
10,m1,1.78000408665501,0.22750031156587,0.00125739158512458,0.102220921212765
10,m1,1.58366720513453,0.42360168322468,0.000852388054779719,0.00692991831798468
10,m1,1.0558425665834,0.685774687825798,0.000859943827974119,0.118768998300881
10,m1,0.988989358679623,0.831594653692171,0.000951995288552962,0.0355114017488634
10,m1,1.32714039195285,0.695726220360809,0.000794713381441295,0.012278440819279
10,m1,1.06678236831866,0.990007278020762,0.00131364682427391,0.12009409094075
10,m1,1.65924922016486,0.336425068846564,0.000963355651469768,0.0289914454413935
10,m1,1.10681490591656,0.604405299984181,0.00086639016010246,0.0958315084951094
10,m1,1.63360834846717,0.450770335101006,0.000854547616175364,0.0340884926124265
10,m1,2.02923243014937,0.408387811873264,0.00141472708629153,0.127741457559815
10,m1,1.17414128432727,0.649242356102244,0.000798544812472699,0.0967076063846045
10,m1,1.18709067908179,0.576698999130413,0.000828587126148201,0.0933170259189101
10,m1,0.87760924878106,0.770300615268301,0.00105167488777312,0.141799686506793
10,m1,1.31694635431954,0.504328803087472,0.000820460137437399,0.0404899061627121
10,m1,1.51292389186967,0.441955716268964,0.000831380201656763,0.00170304005478433
10,m1,1.78099929592887,0.408311402439901,0.000968403971097861,0.0247153394680226
10,m1,1.43383924112814,0.427897445984935,0.000856605427310184,0.0788452313325236
10,m1,1.37711683728377,0.672759531710075,0.000796033350088913,0.0142932433403031
10,m1,1.39485585034841,0.581421500794718,0.000773502560741524,0.0158016965248918
10,m1,1.87257978580903,0.422201452134576,0.00108031502951539,0.0674005715395967
10,m1,1.9933594405263,0.342926371216823,0.00132080419974086,0.126585192267932
10,m1,2.01106200786328,0.26993064961845,0.00146282776047945,0.1236223797242
10,m1,1.01407780779562,0.831154634865526,0.000934148980272779,0.0538015397579688
10,m1,1.06727331155926,0.930060687461477,0.0010975554753864,0.0925859931871782
10,m1,1.77621080362274,0.244609747407227,0.00120204319317071,0.0300405880032114
10,m1,1.00167545552478,0.570394998333852,0.0010437148109417,0.0878024842790356
10,m1,2.21236043650022,0.264326183559728,0.00227951042671598,0.113890978277539
10,m1,1.75818379779397,0.457095705440126,0.000943487486197539,0.0968124802143436
10,m1,1.16926602705626,0.719650095282915,0.000802180421108092,0.0148792552435952
10,m1,1.80183864059396,0.496006575768338,0.00101480817927081,0.102738281458245
10,m1,1.03189635512261,0.786039331681374,0.000886858300305905,0.00131982511105854
10,m1,1.26322109080423,0.601381815044549,0.000781195498835071,0.0573254893151035
10,m1,1.5089367856332,0.586954995595281,0.00080745208329001,0.0470272559306893
10,m1,1.3902563158063,0.647595114826837,0.000786961501273271,0.0431820700633014
10,m1,1.14759223781506,0.799117626404721,0.00085597323785515,0.0217588556463897
10,m1,1.07166681233895,0.681705205177804,0.000848935342731801,0.0130919306551773
10,m1,0.896178334728071,0.699802599481563,0.00105083334624769,0.0927400750444507
10,m1,0.93129709230305,0.728276989962095,0.00097912052489687,0.0562967602420871
10,m1,1.25853338058083,0.562386208107965,0.000801003741092148,0.0347345418696449
10,m1,1.43209648885896,0.727426528442927,0.00087947213831186,0.0330637859175425
10,m1,1.21166591463136,0.750385621592148,0.000813248041026506,0.0393727477195223
10,m1,1.19996008454933,0.849702217609419,0.000930852470724363,0.0907300531206657
10,m1,1.59759810142342,0.433437689176618,0.000849182537864309,0.0355298285217277
10,m1,1.39257061241169,0.605130650579899,0.000774712046853646,0.037737549256944
10,m1,1.59799550646517,0.517109309629426,0.00083249716049222,0.00241130251332045
10,m1,0.722474787091075,0.985646689281265,0.00179043288810258,0.11362657293821
10,m1,0.961606873220013,0.881993581742229,0.00104164539836795,0.0446954242056525
10,m1,1.33194612329782,0.450411639273466,0.000873640806864771,0.100650655078262
10,m1,1.33318665146468,0.584991218614715,0.000772953985447694,0.0284726461638898
10,m1,1.30560632451611,0.537945488616944,0.000798746027581709,0.00972253594617695
10,m1,1.18056000103181,0.553466263243298,0.000854066110909642,0.0908548507050743
10,m1,1.23532823526903,0.636132472300652,0.000780520913744638,0.0144174576618967
10,m1,1.67073545218274,0.407415070676955,0.000891795116099757,0.056858562015252
10,m1,1.11445024369169,0.524975222395424,0.000957567426992326,0.13186312450987
10,m1,0.686584340467498,0.954140903551048,0.00178745766112543,0.11706833952331
10,m1,0.823793500696174,0.744957878360331,0.00116246654825348,0.137452513585778
10,m1,1.40213410316798,0.662822229338161,0.000799376620844709,0.0219346622921349
10,m1,1.76769160230413,0.262290980450125,0.00114935276637754,0.141375253876723
10,m1,1.90699442174716,0.260933696899738,0.00128630410020915,0.115790604831637
10,m1,1.6432127180953,0.204211197880022,0.00133211523560447,0.107232121715549
10,m1,1.06532464316154,0.899319993920353,0.00102101292077202,0.0619437464152507
10,m1,1.3442577382876,0.765427992391897,0.000868533837374599,0.0824668092801217
10,m1,2.05379274585431,0.321868076444221,0.0014954774814109,0.0473073865990597
10,m1,1.57937191976548,0.470564927697171,0.000827363801493019,0.0200202002018815
10,m1,1.16356112596106,0.68122490463897,0.000798472516669635,0.046248626744771
10,m1,1.695528227366,0.584668265094941,0.000965636915101561,0.0925269167637002
10,m1,1.23909454375961,0.528450841292715,0.000838588749879077,0.0445857497028426
10,m1,1.78944941555802,0.164750200072279,0.00153035367254835,0.11791281877048
10,m1,1.25694080287513,0.718368444439593,0.000795689320519171,0.011006515824855
10,m1,1.87889879200598,0.463786593756415,0.0011111127873323,0.0540067626870058
10,m1,1.56784421088268,0.351002945369372,0.000935320536649812,0.0237003493617218
10,m1,0.85863586362167,0.976580159370276,0.00141784737773874,0.0287735289066717
10,m1,1.42840913535126,0.477920223361585,0.000810123622020035,0.0193274218704482
10,m1,1.8634804812397,0.350118656146639,0.00109024238759348,0.0471712060352544
10,m1,0.705293817607256,0.978415684734684,0.00181761267008308,0.000208751932593989
10,m1,1.95922972030939,0.244912568677065,0.00141395901642885,0.125506805689083
10,m1,1.33389393873009,0.585546308422142,0.00077278408107602,0.0453215739054856
10,m1,1.12301821692324,0.947423755763289,0.00115444964563483,0.128659069882158
10,m1,1.49546318013873,0.473081128510427,0.000810285589225852,0.00325519186468669
10,m1,1.53780749938076,0.34604047876925,0.000948816638887488,0.00677824606805558
10,m1,1.42151027394433,0.630900385351951,0.000789731422319179,0.0483596417525824
10,m1,1.25529661445456,0.843998672478192,0.000943479438172911,0.119849106331054
10,m1,1.46152651559199,0.405484607344791,0.000876602238620702,0.0687331866082439
10,m1,1.45409462123913,0.562328422206523,0.000782622370161754,0.0802965944250547
10,m1,1.45915740277174,0.327688713167128,0.00102193153263392,0.105533639620521
10,m1,1.39498740023991,0.419529477679572,0.000882967704588382,0.0333120691308258
10,m1,1.66374656811079,0.461372687495953,0.000868307608095545,0.0290990373929423
10,m1,1.28845122480267,0.516620008425285,0.000822405571883725,0.0677674459176038
10,m1,0.771739307671521,0.952501046487074,0.00151045910070637,0.0759814671166587
10,m1,1.20047638374963,0.785961026717136,0.000842930067697096,0.114776593699431
10,m1,1.31610235932276,0.814012584496504,0.000925586993842276,0.104622619025308
10,m1,1.03265160505503,0.857632295937945,0.000956969160394743,0.0206437608018637
10,m1,1.51160157115533,0.362761972356638,0.000926400266276418,0.0302273009908074
10,m1,1.59461939097297,0.581099074869454,0.000858554594045133,0.0632972480583002
10,m1,0.852051282001373,0.933808745834371,0.00128684240712009,0.0536058420222996
10,m1,0.933056389784847,0.706785782934553,0.000986651334787317,0.111108125817602
10,m1,1.29999540552855,0.736282347598006,0.000816894854945494,0.0695777897045684
10,m1,0.797602161433763,0.973992792167996,0.00152704664811588,0.114957693829265
10,m1,1.51241036104203,0.490764414398335,0.000804381756598774,0.0140316309937604
10,m1,1.17089422732202,0.516736052649718,0.000907397714640505,0.0994474346467343
10,m1,1.71958169823226,0.237176008145553,0.00120308162297848,0.135870097666759
10,m1,1.20313883265533,0.381927335442589,0.00116706571168187,0.0984833264726687
10,m1,1.18607691997823,0.463668001771586,0.000981245270251561,0.122470877137966
10,m1,1.33032032534642,0.743717770997311,0.000835460571627257,0.0753417507355207
10,m1,1.25306483867129,0.530845768884021,0.000827988761150485,0.0644387215208445
10,m1,1.12488896029344,0.743221657685521,0.000822655987977409,0.0242646659663838
10,m1,1.41472137533126,0.714369080818944,0.000850684859222467,0.0320802417281134
10,m1,1.18260490791876,0.760379230534043,0.000820745525577085,0.0801849250356979
10,m1,1.8889440074355,0.423332304662718,0.00110674547654478,0.130488180442626
10,m1,2.00407927537958,0.32391048502995,0.00136147586430779,0.139636149026932
10,m1,0.802094434180661,0.951134120821224,0.00143399111382454,0.043313696005994
10,m1,1.61539359494483,0.419013254033951,0.000863328107499851,0.0214533556855797
10,m1,1.05523210998636,0.856399005534308,0.000945661127448227,0.00197686481330191
10,m1,1.32806763629883,0.689613762399504,0.000791337260492081,0.0779345100029013
10,m1,1.1016075429041,0.699463974634231,0.000826057233232953,0.135461662989016
10,m1,1.0505466769012,0.619988039209341,0.00090765648152209,0.0187180603905323
10,m1,0.908203423870082,0.912235066020403,0.00115457801431018,0.0201968077146883
10,m1,1.15201126293798,0.592897858512906,0.000839751934744134,0.0935948949055963
10,m1,1.24251771347675,0.758489314972086,0.000822532911249998,0.0761113293308986
10,m1,1.0153757480875,0.7215229047463,0.000885912280978151,0.089307016700059
10,m1,1.05733729922763,0.765483671620678,0.00086159985406868,0.0740376739705397
10,m1,1.63932366609425,0.524482130552353,0.000861040028810658,0.0472454720788713
10,m1,1.34284936245138,0.742559898348733,0.000840147532843467,0.106510585142216
10,m1,1.03820291702513,0.961984309003132,0.00120442710328679,0.0900126832946232
10,m1,1.00139810332969,0.781457773584259,0.000906468756879438,0.0431046132649367
10,m1,1.43634757212152,0.499135789945288,0.00079615545760556,0.0294114343708109
10,m1,2.03734299736656,0.270644267110328,0.00152872134180623,0.142159962641432
10,m1,0.922840786964629,0.878131867276726,0.00107277355255462,0.0693189754111487
10,m1,1.33145423268166,0.316545995882608,0.001184742071533,0.124502234965703
10,m1,1.41857758696163,0.633088291202524,0.000789677195199493,0.0067032165031996
10,m1,1.92849206253915,0.256681741335552,0.00132935983802425,0.0393129358213218
10,m1,1.37298821169311,0.689714857822997,0.000805827818750594,0.0746250177175558
10,m1,1.27964997011523,0.497508835978353,0.000846428282757241,0.0597661566078281
10,m1,0.938213105617234,0.842886095792953,0.0010093857559792,0.105163362194152
10,m1,0.972548357213296,0.806581949231357,0.000944803966810107,0.05006554730578
10,m1,1.52094907041926,0.368674745164566,0.000914580157028168,0.0105730524575937
10,m1,1.14315644074473,0.813156055605091,0.0008713091692495,0.0482941100905201
10,m1,1.33266984367606,0.629662288504416,0.000771404233388164,0.0340315438257249
10,m1,1.74436081100633,0.373132909224384,0.000958231654947488,0.000925542512314538
10,m1,1.14259338945007,0.717244085495322,0.000809074155779365,0.0154883431351591
10,m1,1.2610401778814,0.730927856311819,0.000803996657555284,0.123643001739485
10,m1,1.34301981997204,0.451517813369089,0.000865817896861347,0.0566201805784306
10,m1,1.18410793694775,0.675668638758123,0.000791675551979758,0.0727525874234477
10,m1,1.92297019606554,0.261392067226333,0.0013091490968773,0.0630703709704673
10,m1,1.75404745177278,0.399182359367668,0.000948426507520152,0.0388653776712909
10,m1,1.91577853401854,0.393333837196157,0.00114893310084798,0.0284524449032086
10,m1,1.03169055769988,0.79293847848273,0.000891126912579641,0.0574570592872133
10,m1,1.61534858342496,0.55422838854718,0.00085733962539409,0.0447253454985503
10,m1,1.93412911812344,0.459628423587314,0.0012171019876553,0.102898860867063
10,m1,1.79182936872913,0.286436443884772,0.00110973231251579,0.0436659710440788
10,m1,1.28220996180702,0.600213967361771,0.000777037123773572,0.119411210034645
10,m1,1.96262819253349,0.226114356629642,0.00147766845628457,0.0530262953439587
10,m1,0.968978721960277,0.754058021538239,0.000929697238371727,0.0361326231449505
10,m1,2.11818712066136,0.165806523812778,0.0022323411784288,0.120802537310543
10,m1,1.39293961028195,0.414622152351003,0.000891241836715274,0.0121282120311716
10,m1,1.67473841786199,0.461382096423002,0.0008752010836162,0.00873451195847582
10,m1,1.09450529929467,0.998618790181595,0.00135791998856453,0.128868779318793
10,m1,1.23502814925405,0.581578565768656,0.000799644638505776,0.0873975836749594
10,m1,0.820198494665659,0.946753519007201,0.00138231050001266,0.0624426131869943
10,m1,1.33935885876284,0.297295840202942,0.00124524500476254,0.110896424218287
10,m1,1.28077238175629,0.734210064155182,0.000810062953770555,0.106478962473236
10,m1,1.50486132366957,0.581400408362796,0.000803358413792007,0.0137494699583298
10,m1,0.909671954272532,0.751717770128739,0.00100383953288487,0.0953117318354758
10,m1,1.54364045467437,0.529396558270364,0.000808277285143678,0.00300633811265549
10,m1,1.01353099286842,0.973052574522021,0.00125308072655294,0.0442497752610784
10,m1,0.844332547752632,0.998151491718299,0.00153627176787442,0.0491904270462198
10,m1,0.848441428063539,0.828948145961984,0.00112021544082899,0.127534776232886
10,m1,1.08330990862994,0.964302059033447,0.00120863971916486,0.128469133155274
10,m1,1.62422474135676,0.457181074707116,0.000848448133258243,0.00394046308670925
10,m1,1.33260569281879,0.493772704009628,0.00082355179673141,0.0200125232052652
10,m1,1.82224405556446,0.410499312273774,0.00101183780131935,0.103147900426833
10,m1,0.912185386102926,0.840804959123863,0.00103669005339015,0.0874194321386334
10,m1,0.951868458785553,0.973884180493073,0.00129372697971399,0.0688361511190524
10,m1,1.43089872649131,0.512628751597391,0.000789955631014233,0.00776489720531028
10,m1,0.793602198085219,0.869552566094519,0.0012693919640855,0.0895403469602884
10,m1,0.963831501867571,0.627248175976319,0.00101645283455911,0.0972135279703258
10,m1,0.853676819139155,0.862778368762526,0.00114495607761847,0.0399529989020789
10,m1,1.28497593749264,0.802693418325076,0.0008884369801968,0.120257663672322
10,m1,1.05928048164128,0.803801781896697,0.000884131911072276,0.104087914232685
10,m1,1.25951332046738,0.377863351184769,0.00109124526311157,0.117583926499073
10,m1,2.22640811240252,0.314713520763047,0.00227787642005701,0.131904915254678
10,m1,1.10667232598452,0.86570306974928,0.00094892597547059,0.0476196978002128
10,m1,1.00102046014387,0.998667243843813,0.00136681647399125,0.111442213515904
10,m1,1.23942161970611,0.914917189367045,0.00111015966807141,0.0925398596283043
10,m1,1.46515371447329,0.641426186201822,0.000815195170901989,0.107250498233387
10,m1,0.957359606466195,0.92775678473366,0.00114301853979423,0.00311443574584691
10,m1,1.20691110573597,0.536650453695657,0.000851910640813733,0.122602832063827
10,m1,0.901090214328188,0.995726615399077,0.00143747487507701,0.0251108317589491
10,m1,0.690554003116049,0.971187759803724,0.00184116672952859,0.1348452030456
10,m1,1.49075339567087,0.371272808917927,0.000918448581065876,0.110977901380819
10,m1,1.58272218769398,0.610231186345804,0.00087277969022464,0.0524042900797479
10,m1,1.96900192311828,0.373352000670867,0.00125428692471073,0.132098723526875
10,m1,1.44606949760243,0.611867563265125,0.000790669257047601,0.0288857489098984
10,m1,0.918447549375915,0.883001917590323,0.00108567559938573,0.115877530556906
10,m1,0.902076817532238,0.84848445074674,0.00105743041962311,0.0353549423920207
10,m1,1.89309234083855,0.417414843078761,0.00111220635877649,0.103542805065921
10,m1,1.29037095400556,0.623039904603975,0.000772202441680428,0.0332716211529
10,m1,1.21855954924467,0.629887913695059,0.000786538369917423,0.0233838942916011
10,m1,1.1198485412413,0.757406687326564,0.000830560036956394,0.00756272733833368
10,m1,0.869358199112302,0.823130091896428,0.00108153922414219,0.0278779730233607
10,m1,1.44194782002852,0.530358385178277,0.000784264110250341,0.0100783324563158
10,m1,0.756286435642091,0.88158551643269,0.00137793535701644,0.0644662646159745
10,m1,1.8477486807628,0.441548513847262,0.00104848867900058,0.0781100516584902
10,m1,1.0773210391959,0.748909069486814,0.000844822994667803,0.0895735449779968
10,m1,1.35434111879197,0.387186998566898,0.000965461647951248,0.0834059968257687
10,m1,1.39259954748497,0.525335384136336,0.000786631326530897,0.00613015848641096
10,m1,1.66772884530605,0.453264974447417,0.000871853471876692,0.0437876883951981
10,m1,1.25570398304862,0.741185740612721,0.000810578534205734,0.0485244196412432
10,m1,1.41624308564928,0.444169669294935,0.000843433374107575,0.068784932133219
10,m1,1.22742869542786,0.524486640840858,0.000850410262806976,0.110099213796478
10,m1,1.88580498215567,0.243275193734843,0.00130367811594154,0.116188698826728
10,m1,1.91711518517617,0.320842185491043,0.00119531195446652,0.114554244788076
10,m1,1.0904490612826,0.768878939906394,0.000847099308341677,0.0643757333354056
10,m1,1.32091873626921,0.704024549117726,0.000798355637897726,0.0408434085118604
10,m1,1.3513052479648,0.413704227568626,0.000917727671574799,0.0147531380357462
10,m1,1.8235747829688,0.408865026597506,0.0010136476057977,0.0424911651346451
10,m1,1.0035691862174,0.748632324243912,0.000895871548856978,0.0392379229232457
10,m1,0.909233200114394,0.874524164630562,0.00108275342371415,0.0837488477184593
10,m1,1.03942710689065,0.577185540959543,0.000974038766802023,0.130517839886317
10,m1,1.31684283634717,0.42607839044204,0.00092166504630141,0.0943771525579245
10,m1,1.18362331345343,0.847725137232799,0.000923167663147794,0.0591537202319402
10,m1,1.50440674402971,0.53877913634124,0.000795001223531772,0.00278453100811843
10,m1,1.352413942724,0.50086256216884,0.000810178165569703,0.0657060714551099
10,m1,1.21109973656365,0.831673115981871,0.000903726783225181,0.0548860491648409
10,m1,1.74286955225366,0.254529051806213,0.0011583895401504,0.029387734507536
10,m1,1.39991544295127,0.6142728314825,0.000777903080640236,0.0156994294801868
10,m1,2.2510620954403,0.245568216613296,0.00260315079989085,0.103142775932175
10,m1,1.69364309832101,0.345596300773147,0.000960632399592027,0.0448980797911669
10,m1,1.03273211874032,0.823820225678169,0.000915691448535417,0.0124135293955942
10,m1,0.977155070189189,0.859542576603549,0.000994383638044461,0.0973048569619653
10,m1,1.29784570125246,0.587847185468651,0.000777285673328975,0.0474355864393089
10,m1,1.15212386351194,0.720577454376755,0.000806874849984584,0.0122167895913968
10,m1,0.914134360958419,0.634433779325227,0.00109560131797546,0.052571928345455
10,m1,1.16449421787561,0.834209992352648,0.000898869528567564,0.00501146364351961
10,m1,0.709769530483724,0.856572845972926,0.00148440885565383,0.097990936410015
10,m1,1.6891077314389,0.518821556002183,0.000899690697673323,0.0899846913732749
10,m1,1.03469499853338,0.642697982791343,0.000904618910741385,0.0497293449349124
10,m1,0.970136747918329,0.921702583369399,0.00111766423274398,0.00988576829322622
10,m1,2.04273923956835,0.264210696063048,0.00155821348995354,0.0505448631668256
10,m1,1.31095500888217,0.875660925548167,0.00105943451771452,0.128411542100567
10,m1,1.72552551104961,0.511627941968637,0.000931773706153573,0.114796621747773
10,m1,1.48872779544301,0.605878432066077,0.000806250403711459,0.0747645065213205
10,m1,1.84003946064251,0.435787322006062,0.00103588183075176,0.0485138916403269
10,m1,1.93432130750716,0.284785484373143,0.00127795879240311,0.138565626132279
10,m1,0.94363282023537,0.828427300889993,0.000989605744454412,0.116074009639661
10,m1,1.09214838772676,0.678739696463512,0.000835334633216785,0.0636019638408666
10,m1,1.10747879024519,0.742121631047882,0.000828717333272885,0.0742465906694882
10,m1,1.31974215827508,0.712192012844195,0.000803679822161229,0.00968032421171336
10,m1,1.13175505277998,0.680162227702565,0.00081216632774758,0.0382880344909003
10,m1,1.09048593758597,0.927519471747784,0.00108869499666944,0.020784801665028
10,m1,1.20528578791247,0.727423969441437,0.000799889878622068,0.0440881646489317
10,m1,1.68021356601683,0.339563939021406,0.000964226627134005,0.0329669028589984
10,m1,1.89820352453276,0.359127185870212,0.00113175462707624,0.0941616074384482
10,m1,1.97363756113766,0.343028114687294,0.00127743154532122,0.139202528278615
10,m1,1.81414148230611,0.257764277141965,0.00119172834105868,0.0937066664122137
10,m1,0.85318361388338,0.968122353847446,0.00139459435266925,0.105796238826392
10,m1,1.06385617879073,0.632458955000281,0.000882826222534212,0.0980494370509297
10,m1,1.24561070648687,0.431978222717169,0.000976744775377227,0.0748440611310731
10,m1,1.71224904173438,0.456124546968015,0.00090231039436122,0.000816580641277704
10,m1,1.02946040765635,0.640509634624085,0.00091226360820689,0.121097689532323
10,m1,1.88723514889411,0.322781603315159,0.00114919420637396,0.125607941570491
10,m1,1.00786385249943,0.943173017989473,0.00115360366315067,0.0411068717962392
10,m1,1.7067085311678,0.205808814156867,0.001316030127525,0.11270529023789
10,m1,1.33419422408444,0.706449909623697,0.000803961272156636,0.0195137040324444
10,m1,0.823420378892627,0.930638179998722,0.00132938703719347,0.0843083341402617
10,m1,1.58953730545822,0.355654945008816,0.00092701997715595,0.00719558737720421
10,m1,0.971301465579479,0.867813569053703,0.00101091515364965,0.0233038515036634
10,m1,1.96001006609717,0.386265641638479,0.001234016646191,0.0953478803591724
10,m1,1.68151511785888,0.257691810343164,0.00113536315555851,0.122263537502619
10,m1,0.974855415505226,0.778027697272412,0.000928477660685206,0.0475101632181976
10,m1,2.04743891692985,0.304404311357808,0.00149727678760653,0.0774267893833629
10,m1,0.974740672372578,0.990308812718568,0.00134352966621651,0.04276806667228
10,m1,1.83128654287057,0.239854350577418,0.00125519495458012,0.0965101366139011
10,m1,1.37654074945264,0.575258777549615,0.000772940093740988,0.00279972059477793
10,m1,0.80197103835541,0.961165525548537,0.0014685941521308,0.0644481609246083
10,m1,1.00885301680464,0.696659141257367,0.000898751953830459,0.118838495187352
10,m1,1.50128168596162,0.60006957339317,0.000809649086157285,0.0118837528382347
10,m1,1.83490352067686,0.364147671765133,0.0010455490018154,0.0733016808391264
10,m1,1.11439458263696,0.840814678628815,0.000909075395157488,0.0435243294445694
10,m1,0.820335475587235,0.757383948169882,0.00116405614269184,0.107782737768279
10,m1,1.60103718093654,0.322377914210966,0.000983228136838149,0.0639009134813901
10,m1,1.43252497669251,0.644658950863608,0.000801192176664245,0.136516257913358
10,m1,1.67125567080237,0.564338182202328,0.00091516602326218,0.139680909740396
10,m1,1.57324925159032,0.466507584965438,0.000826790898092979,0.0124178170211466
10,m1,0.894442712594705,0.917956660018666,0.00118466047553282,0.0544275327230606
10,m1,1.04030351495505,0.872026511749328,0.000976117324989714,0.0344941659264547
10,m1,1.37347502010523,0.480298009458172,0.000820933160859516,0.0742319102077849
10,m1,0.773978190021127,0.827094853729575,0.00127562977507597,0.116441624283576
10,m1,1.21183687558487,0.761702278300214,0.00082177252963874,0.00535409245608651
10,m1,1.44116198171835,0.428240070839269,0.000854052736193424,0.0735894246261526
10,m1,1.80721722912881,0.403996321123131,0.000996191589440041,0.110880289807094
10,m1,1.1494218373144,0.557670728891376,0.000875289871281294,0.123394011628999
10,m1,0.935188661595322,0.95918737429935,0.00125609212643839,0.0273835663767173
10,m1,1.08952351920334,0.572906728396503,0.00091710127349352,0.13657795355424
10,m1,1.63111683918325,0.603035195075562,0.000912088159488351,0.111222108893732
10,m1,1.14428955725074,0.887590219133089,0.000993176406887064,0.108857211096251
10,m1,1.15575864454963,0.676143694142514,0.00080177856088928,0.140355392322358
10,m1,1.91593789652038,0.470758346737115,0.00118961357461789,0.123032602155726
10,m1,1.71275520796036,0.346152789925785,0.000968053342465564,0.0416571793568884
10,m1,1.83544046430585,0.292782327349579,0.00113440704027822,0.0360366540661739
10,m1,1.35639942810924,0.423751501367189,0.000897906794205423,0.0667412893164161
10,m1,1.20529987694716,0.668929384412542,0.000785789727203051,0.123889792464947
10,m1,1.20318525930758,0.466084285178276,0.000956702752694541,0.12390682473083
10,m1,1.39140946764506,0.362107990756012,0.000989863139650123,0.0885554380026718
10,m1,0.85409964580711,0.662469989426415,0.00118232538530365,0.135409209267084
10,m1,1.23142140301553,0.700939127495428,0.000787419523797109,0.08573619684575
10,m1,1.04882099648589,0.80534149163804,0.000890471209772959,0.0674672664779107
10,m1,1.63168664204645,0.565475972600468,0.000878008613239953,0.0567733016819704
10,m1,1.40051099784353,0.653175648775566,0.000793162375255867,0.017911367286707
10,m1,0.837838045864685,0.891458148627029,0.00121580540443939,0.0251483159512915
10,m1,1.21193010400084,0.759288926881216,0.000819859936988072,0.0691064222563216
10,m1,0.673959807200335,0.984944877990465,0.00197430687369103,0.111816545734123
10,m1,1.00106942048844,0.866829352452754,0.000988134097510976,0.0130063892435104
10,m1,1.52343840864956,0.546346009696297,0.000802240996317967,0.06665520637056
10,m1,1.63255908320456,0.447044430102444,0.000855299035915626,0.0696303547451133
10,m1,1.05150116471053,0.861294320654661,0.000954437075188305,0.026656094287666
10,m1,0.834985013882131,0.739747608167768,0.00114105092267411,0.106661939386374
10,m1,1.15037611332157,0.563903450025732,0.000867672942037087,0.0144430612134152
10,m1,1.18156575456406,0.592568447158991,0.000820478357608073,0.0355578878176293
10,m1,1.31808677590315,0.534541617861644,0.000796857202835526,0.0263281425601448
10,m1,1.74289682262166,0.189273247632428,0.00139254403977063,0.138167903686427
10,m1,1.35891853295609,0.726127216906983,0.000830943116212786,0.0600269844893669
10,m1,1.51219694045257,0.602648074279968,0.000816870272857375,0.0493038235616225
10,m1,1.37992170254079,0.721400378750698,0.000837111003459256,0.0831942183136431
10,m1,1.97693516862544,0.211049466045831,0.00156008347878978,0.120565757382071
10,m1,1.9479235085262,0.424483482069504,0.00121907168922164,0.0555993232941265
10,m1,0.788605105091329,0.841878203913039,0.00125061584278343,0.118744839791369
10,m1,1.68377009232073,0.413062073886444,0.00089500434679805,0.0573433168519621
10,m1,1.40256429252657,0.412342872072934,0.000889850927281437,0.0592664332923556
10,m1,1.21643648768023,0.647688886042551,0.000783983598518716,0.102752946115772
10,m1,1.16952608401276,0.879503038654555,0.000980871067261978,0.0377814298098503
10,m1,1.4952631729143,0.52506434391852,0.000793224301088961,0.00445817372911877
10,m1,2.04273612532999,0.322312467203678,0.00146309408971137,0.0897195938295322
10,m1,1.14233799244396,0.796447404549899,0.000853904730511809,0.0376917734770646
10,m1,1.70018949830524,0.386617191165832,0.000920988995113088,0.02235763790324
10,m1,2.05829757504465,0.339260722837452,0.00149569798228391,0.0468372670659717
10,m1,1.13958507144114,0.888659465637344,0.000994832816470277,0.0354708225678056
10,m1,0.76180245903295,0.978582036014497,0.0016368057111516,0.0978909229284553
10,m1,1.81120095686371,0.33732198181968,0.00104609273044172,0.0259016675578731
10,m1,0.993077392364368,0.82577093635846,0.000943221363917322,0.0727872757940765
10,m1,0.829195044845031,0.916696464296671,0.00128349740392725,0.0594824290419495
10,m1,0.977556937376452,0.732493053654945,0.000921533832339114,0.137450476807516
10,m1,1.35216382899771,0.752092341527349,0.000856140331164534,0.11272411236179
10,m1,1.10230258534069,0.91088980218573,0.00104433869343085,0.0141931671831526
10,m1,1.47079283149538,0.423427692602798,0.000852492851740129,0.0387803089508277
10,m1,1.28591166118688,0.786116644980711,0.000865559604294658,0.0546384656108275
10,m1,1.53843335937681,0.310902117306927,0.00102151404558109,0.117023273224248
10,m1,1.33328519391754,0.842842487752727,0.000998284346540257,0.0818792258587107
10,m1,1.29884516680693,0.687862947302637,0.000784935688453572,0.00126627316650613
10,m1,1.28652562516302,0.655705629631883,0.000774202801300449,0.03271495334721
10,m1,1.6834867582167,0.603699255114526,0.000975428397359178,0.0893732377271292
10,m1,1.47241339466484,0.385890958903173,0.000901236134450793,0.0354933945404118
10,m1,1.84214101025183,0.252727847640354,0.00122941141235133,0.123411090058899
10,m1,1.30154198378037,0.719596881725519,0.000804079731229311,0.0278170577679268
10,m1,1.71988703913457,0.475107276298636,0.000910846144035844,0.00469803598799438
10,m1,1.90384381710715,0.420781919015724,0.00113149270061492,0.114008638001995
10,m1,1.37909127570941,0.517857618843038,0.000792217726935791,0.0183272116596774
10,m1,1.9497845000521,0.377936758846136,0.00121390953574662,0.139878389268532
10,m1,1.93385359117157,0.236303026380758,0.00139390956239055,0.0617659474978478
10,m1,1.84990481437076,0.370868042745686,0.00105884100352676,0.043359712918862
10,m1,1.09911806511741,0.944129781507453,0.00113944767740279,0.116360212942786
10,m1,2.03164226722901,0.27815311354487,0.00149774541280303,0.0995438298288879
10,m1,1.45332108589179,0.709229384755356,0.000872837920766898,0.131480501876638
10,m1,1.25557907533046,0.549129578503387,0.000811459467768672,0.00577728809757581
10,m1,1.54693821483853,0.439339087800545,0.000835521688872049,0.0323488045360148
10,m1,0.993104310669474,0.791816483546957,0.000918249168171478,0.0612144886619827
10,m1,1.22516543765137,0.442955095596474,0.000977027442799004,0.128052795945574
10,m1,1.25655294894505,0.656090324691609,0.000776072543955391,0.03202073796426
10,m1,1.06406274691708,0.611948107633403,0.000900906483462747,0.0389448731087445
10,m1,1.38721156216403,0.442652970674751,0.000855708080824932,0.0695089441388452
10,m1,1.44152867018375,0.564461396228442,0.000780128864072625,0.00953329729479383
10,m1,1.34316110332501,0.760942717683628,0.000862042837495778,0.125926929794621
10,m1,1.19034992606638,0.906579411445772,0.00105439990998476,0.0784286193633244
10,m1,1.39732368771393,0.661614214307039,0.000796755297546287,0.113830698327053
10,m1,1.81890575382868,0.336051412786672,0.00105480491149171,0.0466631235742689
10,m1,1.48980210771401,0.429499502211011,0.000843335687435861,0.125065416303831
10,m1,1.41159523964001,0.405056955410734,0.000896549010575042,0.0831675888697612
10,m1,1.48756893279491,0.492587222288885,0.000800416157334233,0.00182240107801231
10,m1,0.916302113044915,0.745742905468427,0.00099534917829961,0.0281681230926318
10,m1,1.32681143877889,0.749358980616553,0.000839903171282195,0.0793183139255894
10,m1,1.60431270050164,0.602994090968637,0.000885375542000804,0.0427403974087286
10,m1,1.45595262991666,0.667947839256747,0.00083069868495369,0.0680503394270988
10,m1,1.42259081884845,0.554898663961788,0.000778038599990259,0.00484640803717275
10,m1,1.453358203884,0.485725917800903,0.000802778679177732,0.0227511364073705
10,m1,1.4182347044792,0.618402187686354,0.000783821508925305,0.112019753470484
10,m1,0.902703196620066,0.984229210370259,0.00138547868726009,0.0449329234702806
10,m1,0.834984070947491,0.909531757893417,0.00125674327177562,0.034900347332333
10,m1,0.757247927894613,0.940328865190794,0.00150949568774652,0.0589314067648831
10,m1,1.63746004433183,0.29734110614451,0.00103376234378579,0.0573454947816699
10,m1,1.2934064788394,0.71794043173388,0.000801003426416901,0.0104758766165134
10,m1,1.59282431446401,0.457903318115253,0.000836041489398947,0.0186200969126136
10,m1,1.37151583227035,0.678685236002748,0.000797736559044254,0.0310617316697086
10,m1,1.0045893046501,0.796098278539826,0.000911664424925738,0.0335033963156665
10,m1,2.0216656750219,0.308675795077847,0.00142206537106058,0.0516436282175564
10,m1,1.74095786975073,0.305217767031256,0.00104346689339869,0.0840511292507307
10,m1,1.76181654646801,0.245472389840445,0.00119217654681114,0.0451335943904968
10,m1,1.27604213573505,0.514800481603287,0.000830463010137843,0.0512801380608746
10,m1,1.00068686364635,0.929552452168781,0.00111841625580888,0.00825384805104315
10,m1,1.38613504869883,0.736287698909233,0.000857592219746962,0.100179419536836
10,m1,1.1556793196528,0.812174694368917,0.00086966158342987,0.038199340853116
10,m1,1.01407362908995,0.767849875631095,0.000891304438732718,0.0599581142935742
10,m1,0.873915948571414,0.830069065786109,0.00107952620341371,0.0171293882544929
10,m1,0.942356165518683,0.806523248379575,0.000974781899473959,0.0622904762979415
10,m1,1.72678358730996,0.303287860926206,0.00104049093924475,0.0437663459043758
10,m1,1.40237718053098,0.380667054847292,0.000943681068161817,0.108850827224744
10,m1,1.23394054070481,0.456949846007116,0.000940934246233928,0.130569863870096
10,m1,0.793191901629734,0.982184815126852,0.00157143468159356,0.0512615017070019
10,m1,1.661591701442,0.261436668149159,0.0011239986659325,0.116506787888318
10,m1,1.27677855113795,0.73112548110192,0.000806863985862916,0.00856957189955331
10,m1,1.29431135253675,0.692065641196864,0.000786272445330733,0.00479324656615666
10,m1,1.49027629961057,0.458787543723403,0.000818991143956023,0.0362739389083718
10,m1,1.34524129394689,0.795774815186108,0.000914895312550885,0.0645651322147541
10,m1,1.80334311660338,0.542411883155266,0.00106852274024715,0.0822194119971895
10,m1,0.924952909163276,0.90173698916731,0.00111338043378201,0.0271455177535049
10,m1,0.910516960476006,0.904834956635032,0.00113586030787953,0.0344493162712075
10,m1,0.869782027920017,0.875126754144906,0.00113678966632006,0.132805462430831
10,m1,0.938189452021079,0.648530374323799,0.00103150417385762,0.0990489104144447
10,m1,1.83629411968543,0.293485467304206,0.0011339672843286,0.0535594676135378
10,m1,1.12379485134013,0.692993794017458,0.000814879494256681,0.0360140576819442
10,m1,0.863665569758076,0.925670738014474,0.0012468893839664,0.0513983309460387
10,m1,0.891688361763344,0.794288965758253,0.00103344268457855,0.0568300074616557
10,m1,1.03758658771144,0.826837138281917,0.000916202089392864,0.0723854846506925
10,m1,1.65259990794815,0.555673484908352,0.000889579473150063,0.0954066736398809
10,m1,1.34307517934092,0.412316341411546,0.000925998842865465,0.0837009198616797
10,m1,1.2599608615312,0.626280060782002,0.000776432005116482,0.0209655949312206
10,m1,1.42183064539846,0.563499863069873,0.000777142875320388,0.00573810062247028
10,m1,0.856871354678987,0.953339491560439,0.00133729041332873,0.0348593662263512
10,m1,0.85097199259824,0.912276519277481,0.00123523899288591,0.125302604067531
10,m1,1.18250987805776,0.83791115595682,0.000906881813369394,0.0518649958613786
10,m1,1.60627078607183,0.476736812641335,0.000836280919359614,0.0618897691298055
10,m1,1.97418854088635,0.350775422331139,0.00127371848579938,0.082740557613805
10,m1,0.747745447048325,0.986418644332272,0.00171271004424985,0.129031737932778
10,m1,1.53627245449403,0.627188517465221,0.000850278965711064,0.0896231989011589
10,m1,1.48440668970262,0.388667325220553,0.000893487637465942,0.0407013769556864
10,m1,1.05039993535648,0.921635534727896,0.00107798011630688,0.00849359007080375
10,m1,1.27961669266378,0.508116174217965,0.000835142413031407,0.0483079527901157
10,m1,1.57700325183623,0.558809704170453,0.000833106125261776,0.110186315145148
10,m1,1.0775245229663,0.831099771882244,0.000904446765304006,0.0585506541147132
10,m1,1.35982059651847,0.358691301753674,0.00102527808835065,0.0944822665754144
10,m1,1.38275979717491,0.623632541214289,0.000776604618460437,0.0442046933513078
10,m1,1.44701096457281,0.710772536802714,0.000869766253749248,0.0335509419173533
10,m1,1.88589702799934,0.343221588780511,0.00112585981466653,0.132868236992392
10,m1,1.15660942441049,0.88828533953142,0.000997095345403886,0.040594100316577
10,m1,1.43705522821099,0.68317610290183,0.000832850340218499,0.0988601048263656
10,m1,1.03361621131708,0.70706006401742,0.000872520662594636,0.0951510309823826
10,m1,1.12566460510593,0.943782871685969,0.00114283477280186,0.102525226074822
10,m1,1.15751348622032,0.761925822790308,0.000824398666298786,0.0413934394977138
10,m1,1.11860623038637,0.637654964514737,0.00083393097948846,0.0683694455282651
10,m1,1.50721814954393,0.755512401370549,0.00100770317584487,0.0986630783354796
10,m1,1.12847051064314,0.834509364507432,0.000899005693585522,0.0687223286570041
10,m1,1.05099710320108,0.672278953789343,0.000869502711164664,0.111971768402327
10,m1,0.990083448406765,0.677529535190441,0.000929620245627651,0.134254886329587
10,m1,1.01916640890292,0.799346873952979,0.000903415959768749,0.0434634160101198
10,m1,1.89512479966975,0.275811031403494,0.00123652748733756,0.106131236535985
10,m1,0.970019885719133,0.817594896872393,0.000955088564944185,0.0213456870944911
10,m1,1.97399796847507,0.445614513192889,0.00129687965509428,0.1307673222385
10,m1,0.661213982425832,0.974373032817553,0.00197915786302814,0.128214600595835
10,m1,1.72714599580492,0.43308590150665,0.000916081442176603,0.0246351857127025
10,m1,1.40195049975245,0.571455889664306,0.000774583596929561,0.0471519211469532
10,m1,1.31564048881267,0.465647735478143,0.000863137505644314,0.0905150109626046
10,m1,1.32598694987561,0.563764560149618,0.000780063181297037,0.0732066713938011
10,m1,1.98323140202156,0.1846366990044,0.00168643409374563,0.124838736147231
10,m1,2.11958051874081,0.269599247794868,0.00180377466766098,0.119480284503656
10,m1,1.29685449689004,0.701100078365522,0.000791291604575925,0.0184193085262029
10,m1,1.5441933158221,0.469640377431818,0.000818336155499157,0.0673411749346506
10,m1,1.26155701388122,0.536903682888548,0.000818163161717957,0.113294784334342
10,m1,1.13848247488048,0.718339869567006,0.000810712270197478,0.0267157292272459
10,m1,1.10475648883392,0.800628909673857,0.000864915013627677,0.00486184717540694
10,m1,1.81290772949601,0.461598267109048,0.00100826269396258,0.0538654130145016
10,m1,1.1925047682405,0.992176386278417,0.0013845825432814,0.136082835086122
10,m1,1.44352073905234,0.396424846979672,0.000895710832758744,0.00388528716503889
10,m1,1.29630671667914,0.457601217770376,0.000886744250370044,0.128539514754267
10,m1,0.743778264337347,0.936826347565752,0.00153671634567875,0.0121036813518801
10,m1,0.692007705182398,0.934990834391052,0.00170153233975172,0.137072847454852
10,m1,1.44543338289765,0.671918874218952,0.000827762343525843,0.0547043445071633
10,m1,0.92766263404754,0.825353907115234,0.00100438812258469,0.107239985552848
10,m1,1.11781118813253,0.944742881302999,0.00114423747978314,0.128751311243496
10,m1,2.01594844628752,0.31804256481524,0.00139647486751094,0.123971661202524
10,m1,1.53234350043912,0.516576413381853,0.000804080290610418,0.0191873089054139
10,m1,1.66462202461904,0.337214816381852,0.000963378962308344,0.0837015925033225
10,m1,0.924442909239732,0.823105223984563,0.00100632469007937,0.0344987100207023
10,m1,0.974921681550134,0.796610101886279,0.000936614917393497,0.0380803546906729
10,m1,1.33423323678468,0.615269520791049,0.000770345557949004,0.00444785149842275
10,m1,1.14467786394276,0.768176716186895,0.000830670635363996,0.0108690801088939
10,m1,1.06678027635737,0.58035998028432,0.000934007665912446,0.120674505391333
10,m1,1.45947409775253,0.461690146779282,0.000818484187917046,0.103962279375544
10,m1,1.46485295906124,0.557283809408847,0.000784896047181352,0.00431648577150693
10,m1,1.00304324912293,0.783520009480287,0.000906092818852201,0.0795765988345775
10,m1,0.913478292942391,0.998970241604516,0.00143739801681221,0.0718826023542434
10,m1,2.04698042864866,0.33682722723212,0.00146346872357663,0.0621931633715993
10,m1,0.839200196491406,0.860916941872881,0.00116739581463741,0.117263627364335
10,m1,1.06841388858455,0.665174579117367,0.000858030639317036,0.00688046754940166
10,m1,0.942163698088633,0.805822483555156,0.000974576330760037,0.111108579504537
10,m1,2.21095871489999,0.240557828602249,0.00234693003089037,0.0977521898186029
10,m1,0.669906751611989,0.971677278639686,0.00192826683881458,0.0942904916992618
10,m1,1.42982712582062,0.718052511806822,0.00086565847643469,0.087626391575027
10,m1,1.20604765243732,0.538780265069476,0.000850294204372856,0.108872345221349
10,m1,1.24243256426176,0.661937501207892,0.000778284081307835,0.0257516065362187
10,m1,1.2206134904422,0.882264379399455,0.00100731443380424,0.0818359094793167
10,m1,1.32706464006487,0.494952734006162,0.000824776521123778,0.0286281951035311
10,m1,1.22972588595188,0.69686987026121,0.000786219536226781,0.104657857833471
10,m1,1.83032322735608,0.497122733376141,0.00105877531932564,0.0247687152323086
10,m1,1.40253272689885,0.358219349362177,0.000990082902083721,0.0374093945053858
10,m1,1.23930175399089,0.96356421034443,0.00129479830154476,0.101486047379113
10,m1,1.26723399109553,0.703951294006834,0.000789042039586229,0.0323125599025693
10,m1,1.86532778032374,0.391765997770001,0.00107044286236882,0.0933554451302373
10,m1,2.0074403879748,0.187107993843231,0.00173270543895956,0.0691491582964822
10,m1,1.51971034744008,0.530588572450902,0.000799657941955123,0.00229058360462946
10,m1,1.6000628322546,0.55213649140182,0.000845177533125279,0.0235433073346038
10,m1,1.59964259462492,0.614138507944975,0.000892248698926507,0.0571463123230008
10,m1,1.02081207772063,0.708109478173828,0.000883549769551619,0.013560125175101
10,m1,1.61243344872924,0.470701303695943,0.000840057149207643,0.0377920157176344
10,m1,1.18080506163046,0.82332764183376,0.000885180071447143,0.0245368667995303
10,m1,1.98798579573808,0.104365727126915,0.0022360993893271,0.142904030522693
